Status,Symbol,Size,Open Date,Close Date,Open Time,Close Time,Setups,Mistakes,Entry Price,Exit Price,Return $,Return %,Avg Buy,Avg Sell,Net Return,Commision,Notes,Expire,Strike,Type,Side,Spread,Cost,Executions,Fees,Swap,Holdtime,Last Order,Portfolio,Position,Privacy,Return Share,Risk,MAE,MFE,Expectancy,R-Multiple,Best Exit $,Best Exit %
WIN,NXTT,"30,000","Sep 11, 2025","Sep 11, 2025",16:00:38,18:19:22,,,$0.2444,$0.1681,"$1,368.49",19.62%,$0.18687499,$0.23249135,"$1,093.51",$270,,,$0.00,SHARE,SHORT,SINGLE,"$6,974.74",45,$4.98,$120.00,02:18:44 hr,"Sep 11, 2025",center_points7573,,Public,$0.045616,0,-295.584,1567.44,,,"1,567.44",22.47
LOSS,QMMM,100,"Sep 11, 2025","Sep 11, 2025",14:16:10,14:18:03,,,$62.11,$67.15,-$504.00,-8.11%,$67.15,$62.11,-$504.92,$0.90,,,$0.00,SHARE,SHORT,SINGLE,"$6,211.00",2,$0.02,,01:53 min,"Sep 11, 2025",center_points7573,,Public,-$5.04,0,-504.0,0.0,,,0.00,0.00
WIN,SLXN,500,"Sep 11, 2025","Sep 11, 2025",09:52:16,10:18:52,,,$5.91,$5.69,$44.90,1.55%,$5.688,$5.7778,$40.32,$4.50,,,$0.00,SHARE,SHORT,SINGLE,"$2,888.90",18,$0.08,,26:36 min,"Sep 11, 2025",center_points7573,,Public,$0.0898,0,-161.1,188.9,,,193.65,6.70
WIN,WLDS,"1,000","Sep 11, 2025","Sep 11, 2025",09:53:31,09:57:28,,,$7.20,$7.15,$50.00,0.69%,$7.15,$7.20,$40.83,$9,,,$0.00,SHARE,SHORT,SINGLE,"$7,200.00",2,$0.17,,03:57 min,"Sep 11, 2025",center_points7573,,Public,$0.05,0,-290.0,210.0,,,399.90,5.55
LOSS,MOGU,"1,000","Sep 11, 2025","Sep 11, 2025",09:55:39,09:56:09,,,$5.72,$5.82,-$172.00,-3.01%,$5.892,$5.72,-$181.17,$9,,,$0.00,SHARE,SHORT,SINGLE,"$5,720.00",11,$0.17,,30 sec,"Sep 11, 2025",center_points7573,,Public,-$0.172,0,-172.0,0.0,,,20.00,0.35
WIN,WLDS,"1,000","Sep 11, 2025","Sep 11, 2025",09:43:24,09:47:25,,,$7.21,$6.71,$518.40,7.19%,$6.6916,$7.21,$509.23,$9,,,$0.00,SHARE,SHORT,SINGLE,"$7,210.00",13,$0.17,,04:01 min,"Sep 11, 2025",center_points7573,,Public,$0.5184,0,-20.0,690.0,,,690.00,9.57
WIN,SLXN,200,"Sep 11, 2025","Sep 11, 2025",09:41:03,09:41:57,,,$7.01,$6.48,$96.82,6.95%,$6.48,$6.9641,$94.99,$1.80,,,$0.00,SHARE,SHORT,SINGLE,"$1,392.82",8,$0.03,,54 sec,"Sep 11, 2025",center_points7573,,Public,$0.4841,0,-0.0,96.82,,,294.82,21.17
LOSS,WLDS,"1,000","Sep 11, 2025","Sep 11, 2025",09:35:52,09:39:14,,,$7.57,$7.69,-$338.00,-4.59%,$7.698,$7.36,-$347.17,$9,,,$0.00,SHARE,SHORT,SINGLE,"$7,360.00",8,$0.17,,03:22 min,"Sep 11, 2025",center_points7573,,Public,-$0.338,0,-338.0,260.0,,,260.00,3.53
WIN,VNCE,"2,000","Sep 11, 2025","Sep 11, 2025",09:31:56,09:33:35,,,$3.34,$3.20,$374.94,5.62%,$3.15,$3.33747,$356.61,$18,,,$0.00,SHARE,SHORT,SINGLE,"$6,674.94",15,$0.33,,01:39 min,"Sep 11, 2025",center_points7573,,Public,$0.18747,0,-445.06,554.94,,,824.94,12.36
WIN,VNCE,"2,000","Sep 11, 2025","Sep 11, 2025",09:00:50,09:20:33,,,$3.79,$3.74,$234.70,3.09%,$3.68499,$3.80234,$216.37,$18,,,$0.00,SHARE,SHORT,SINGLE,"$7,604.68",28,$0.33,,19:43 min,"Sep 11, 2025",center_points7573,,Public,$0.11735,0,-75.52,564.68,,,564.68,7.43
WIN,SLXN,500,"Sep 11, 2025","Sep 11, 2025",09:16:57,09:17:04,,,$5.92,$5.37,$293.76,9.92%,$5.33248,$5.92,$289.18,$4.50,,,$0.00,SHARE,SHORT,SINGLE,"$2,960.00",7,$0.08,,7 sec,"Sep 11, 2025",center_points7573,,Public,$0.58752,0,-4.54747e-13,293.76,,,625.00,21.11
LOSS,MOGU,"1,000","Sep 11, 2025","Sep 11, 2025",09:01:57,09:03:35,,,$6.17,$6.25,-$79.80,-1.29%,$6.25,$6.1702,-$88.97,$9,,,$0.00,SHARE,SHORT,SINGLE,"$6,170.20",20,$0.17,,01:38 min,"Sep 11, 2025",center_points7573,,Public,-$0.0798,0,-249.8,170.2,,,919.80,14.91
WIN,MOGU,"1,000","Sep 11, 2025","Sep 11, 2025",08:50:49,08:58:45,,,$7.40,$7.07,$367.10,4.96%,$7.0329,$7.40,$357.93,$9,,,$0.00,SHARE,SHORT,SINGLE,"$7,400.00",16,$0.17,,07:56 min,"Sep 11, 2025",center_points7573,,Public,$0.3671,0,-200.0,750.0,,,750.00,10.14
WIN,MOGU,"1,000","Sep 11, 2025","Sep 11, 2025",08:39:46,08:41:24,,,$8.28,$7.68,$528.30,6.52%,$7.57309,$8.10139,$519.12,$9.01,,,$0.00,SHARE,SHORT,SINGLE,"$8,101.39",49,$0.17,,01:38 min,"Sep 11, 2025",center_points7573,,Public,$0.5283,0,-0.0,1211.39,,,"1,211.39",14.95
WIN,MOGU,"1,000","Sep 11, 2025","Sep 11, 2025",08:35:33,08:36:49,,,$9.12,$9.61,$161.54,1.77%,$8.95846,$9.12,$152.37,$9,,,$0.00,SHARE,SHORT,SINGLE,"$9,120.00",24,$0.17,,01:16 min,"Sep 11, 2025",center_points7573,,Public,$0.16154,0,-0.0,830.0,,,880.00,9.65
WIN,VNCE,"2,000","Sep 11, 2025","Sep 11, 2025",07:48:42,08:04:23,,,$4.65,$4.03,$840.05,9.02%,$4.235,$4.655025,$821.72,$18,,,$0.00,SHARE,SHORT,SINGLE,"$9,310.05",29,$0.33,,15:41 min,"Sep 11, 2025",center_points7573,,Public,$0.420025,0,-169.95,1305.05,,,"1,305.05",14.02
WIN,KZIA,58,"Sep 11, 2025","Sep 11, 2025",08:02:01,08:02:41,,,$21.71,$16.90,$133.98,10.64%,$19.40,$21.71,$132.62,$1.35,,,$0.00,SHARE,SHORT,SINGLE,"$1,259.18",3,$0.01,,40 sec,"Sep 11, 2025",center_points7573,,Public,$2.31,0,-0.0,133.98,,,0.00,0.00
WIN,VNCE,"2,000","Sep 11, 2025","Sep 11, 2025",07:17:37,07:29:24,,,$3.78,$4.04,$39.97,0.49%,$4.020015,$4.04,$21.64,$18,,,$0.00,SHARE,SHORT,SINGLE,"$8,080.00",32,$0.33,,11:47 min,"Sep 11, 2025",center_points7573,,Public,$0.019985,0,-640.0,360.0,,,360.00,4.46
WIN,SLXN,500,"Sep 11, 2025","Sep 11, 2025",07:02:34,07:11:08,,,$17.51,$18.57,$397.23,3.84%,$19.88506,$20.67952,$392.64,$4.51,,,$0.00,SHARE,SHORT,SINGLE,"$10,339.76",25,$0.08,,08:34 min,"Sep 11, 2025",center_points7573,,Public,$0.79446,0,-4660.24,901.48,,,917.82,8.88
WIN,AMST,"2,000","Sep 11, 2025","Sep 11, 2025",06:49:26,06:59:28,,,$5.82,$5.88,$369.25,3.11%,$5.756205,$5.94083,$350.92,$18,,,$0.00,SHARE,SHORT,SINGLE,"$11,881.66",164,$0.33,,10:02 min,"Sep 11, 2025",center_points7573,,Public,$0.184625,0,-1321.35,1461.66,,,"1,461.66",12.30
WIN,VNCE,"1,000","Sep 11, 2025","Sep 11, 2025",05:34:12,05:36:42,,,$3.65,$3.52,$123.84,3.39%,$3.52925,$3.65309,$114.67,$9,,,$0.00,SHARE,SHORT,SINGLE,"$3,653.09",29,$0.17,,02:30 min,"Sep 11, 2025",center_points7573,,Public,$0.12384,0,-6.91,123.84,,,441.85,12.10
WIN,TWG,200,"Sep 11, 2025","Sep 11, 2025",04:48:56,04:57:21,,,$15.99,$8.68,"$1,143.99",36%,$10.16505,$15.885,"$1,142.16",$1.80,,,$0.00,SHARE,SHORT,SINGLE,"$3,177.00",6,$0.03,,08:25 min,"Sep 11, 2025",center_points7573,,Public,$5.72,0,-771.0,1143.99,,,"1,171.00",36.86
WIN,VNCE,"1,000","Sep 11, 2025","Sep 11, 2025",04:01:56,04:39:04,,,$5.37,$3.53,"$1,623.73",30.21%,$3.75033,$5.37406,"$1,614.56",$9,,,$0.00,SHARE,SHORT,SINGLE,"$5,374.06",17,$0.17,,37:08 min,"Sep 11, 2025",center_points7573,,Public,$1.62,0,-4.72,1753.73,,,"1,753.73",32.63
WIN,GMM,"3,000","Sep 11, 2025","Sep 11, 2025",04:03:07,04:25:59,,,$8.88,$5.48,"$2,709.89",11.51%,$6.94251,$7.84580667,"$2,682.39",$27,,,$0.00,SHARE,SHORT,SINGLE,"$23,537.42",60,$0.50,,22:52 min,"Sep 11, 2025",center_points7573,,Public,$0.903297,0,-1120.0,2784.54,,,"2,864.54",12.17
WIN,OCTO,150,"Sep 10, 2025","Sep 10, 2025",16:42:33,18:42:11,,,$22.01,$21.44,$86.50,2.62%,$21.44,$22.01666667,$85.12,$1.36,,,$0.00,SHARE,SHORT,SINGLE,"$3,302.50",3,$0.02,,01:59:38 hr,"Sep 10, 2025",center_points7573,,Private,$0.576667,0,-290.345,218.5,,,218.50,6.62
WIN,TOP,"1,000","Sep 10, 2025","Sep 10, 2025",11:40:14,11:45:40,,,$3.08,$2.23,$850.00,27.60%,$2.23,$3.08,$840.83,$9,,,$0.00,SHARE,SHORT,SINGLE,"$3,080.00",2,$0.17,,05:26 min,"Sep 10, 2025",center_points7573,,Private,$0.85,0,0.0,850.0,,,"1,660.00",53.90
WIN,HUDI,"1,000","Sep 10, 2025","Sep 10, 2025",11:12:50,11:35:21,,,$5.33,$3.85,"$1,397.54",26.22%,$3.9325,$5.33004,"$1,388.36",$9.01,,,$0.00,SHARE,SHORT,SINGLE,"$5,330.04",8,$0.17,,22:31 min,"Sep 10, 2025",center_points7573,,Private,$1.40,0,-9.88,1630.04,,,"1,965.04",36.87
WIN,CUPR,"2,000","Sep 10, 2025","Sep 10, 2025",10:05:54,10:16:55,,,$2.05,$2.005,$67.61,1.65%,$2.016195,$2.05,$49.28,$18,,,$0.00,SHARE,SHORT,SINGLE,"$4,100.00",10,$0.33,,11:01 min,"Sep 10, 2025",center_points7573,,Private,$0.033805,0,-800.0,67.61,,,200.00,4.88
WIN,MWYN,"2,000","Sep 10, 2025","Sep 10, 2025",10:07:49,10:14:39,,,$1.94,$1.7975,$284.75,7.34%,$1.797625,$1.94,$266.42,$18,,,$0.00,SHARE,SHORT,SINGLE,"$3,880.00",9,$0.33,,06:50 min,"Sep 10, 2025",center_points7573,,Private,$0.142375,0,-720.0,284.75,,,500.00,12.89
WIN,JBDI,"3,000","Sep 10, 2025","Sep 10, 2025",09:34:40,10:14:24,,,$2.43,$1.815,"$1,700.30",23.20%,$1.87656667,$2.44333333,"$1,672.80",$27,,,$0.00,SHARE,SHORT,SINGLE,"$7,330.00",19,$0.50,,39:44 min,"Sep 10, 2025",center_points7573,,Private,$0.566767,0,-140.0,2229.7,,,"2,229.70",30.42
WIN,GLE,"6,000","Sep 10, 2025","Sep 10, 2025",09:36:21,10:13:57,,,$2.08,$1.31,"$3,165.16",23.91%,$1.67917333,$2.2067,"$3,110.16",$54,,,$0.00,SHARE,SHORT,SINGLE,"$13,240.20",42,$1.00,,37:36 min,"Sep 10, 2025",center_points7573,,Private,$0.527527,0,-3679.8,3165.16,,,"3,360.20",25.38
WIN,WLDS,"8,000","Sep 10, 2025","Sep 10, 2025",09:05:36,10:13:49,,,$3.78,$5.26,"$4,220.00",8.15%,$5.9473625,$6.4748625,"$4,146.67",$72,,,$0.00,SHARE,SHORT,SINGLE,"$51,798.90",73,$1.33,,01:08:13 hr,"Sep 10, 2025",center_points7573,,Private,$0.5275,0,-28341.1,6278.9,,,"6,278.90",12.12
LOSS,GLE,"3,000","Sep 10, 2025","Sep 10, 2025",08:24:05,08:24:25,,,$3.22,$3.29,-$243.01,-2.52%,$3.30100333,$3.22,-$270.51,$27,,,$0.00,SHARE,SHORT,SINGLE,"$9,660.00",40,$0.50,,20 sec,"Sep 10, 2025",center_points7573,,Private,-$0.081003,0,-243.01,0.0,,,35.29,0.37
WIN,GLE,"2,000","Sep 10, 2025","Sep 10, 2025",08:19:13,08:20:42,,,$3.41,$3.37,$86.76,1.27%,$3.36727,$3.41065,$68.43,$18,,,$0.00,SHARE,SHORT,SINGLE,"$6,821.30",29,$0.33,,01:29 min,"Sep 10, 2025",center_points7573,,Private,$0.04338,0,-2.74,361.3,,,562.76,8.25
WIN,ASST,"1,000","Sep 10, 2025","Sep 10, 2025",07:05:19,08:04:02,,,$14.82,$12.92,"$1,763.52",11.87%,$13.0892,$14.85272,"$1,754.35",$9,,,$0.00,SHARE,SHORT,SINGLE,"$14,852.72",18,$0.17,,58:43 min,"Sep 10, 2025",center_points7573,,Private,$1.76,0,-1207.28,2817.72,,,"3,343.52",22.51
WIN,GLE,"15,000","Sep 10, 2025","Sep 10, 2025",07:39:47,07:54:38,,,$2.91,$2.67,"$4,023.36",8.33%,$2.95062867,$3.21885267,"$3,885.87",$135,,,$0.00,SHARE,SHORT,SINGLE,"$48,282.79",174,$2.49,,14:51 min,"Sep 10, 2025",center_points7573,,Private,$0.268224,0,-10150.7,4477.83,,,"4,477.83",9.27
WIN,JBDI,"2,000","Sep 10, 2025","Sep 10, 2025",06:48:19,07:15:56,,,$3.10,$2.54,"$1,119.00",18.02%,$2.54525,$3.10475,"$1,100.67",$18,,,$0.00,SHARE,SHORT,SINGLE,"$6,209.50",27,$0.33,,27:37 min,"Sep 10, 2025",center_points7573,,Private,$0.5595,0,-10.5,1209.5,,,"1,369.50",22.05
WIN,CAMP,"3,000","Sep 10, 2025","Sep 10, 2025",07:01:26,07:14:10,,,$5.13,$4.54,"$4,151.65",23.83%,$4.42382,$5.80770333,"$4,124.15",$27,,,$0.00,SHARE,SHORT,SINGLE,"$17,423.11",48,$0.50,,12:44 min,"Sep 10, 2025",center_points7573,,Private,$1.38,0,-3866.89,5072.29,,,"5,072.29",29.11
WIN,CUPR,"1,000","Sep 10, 2025","Sep 10, 2025",05:53:20,07:01:00,,,$2.80,$2.64,$156.93,5.60%,$2.64307,$2.80,$147.76,$9,,,$0.00,SHARE,SHORT,SINGLE,"$2,800.00",12,$0.17,,01:07:40 hr,"Sep 10, 2025",center_points7573,,Private,$0.15693,0,-340.0,230.0,,,438.93,15.68
LOSS,AEHL,"1,500","Sep 10, 2025","Sep 10, 2025",06:43:31,06:58:17,,,$20.54,$20.78,-$750.26,-2.46%,$20.85283333,$20.35266,-$764.01,$13.50,,,$0.00,SHARE,SHORT,SINGLE,"$30,528.99",65,$0.25,,14:46 min,"Sep 10, 2025",center_points7573,,Private,-$0.500173,0,-4991.01,3378.99,,,"3,378.99",11.07
WIN,GLE,"20,000","Sep 10, 2025","Sep 10, 2025",06:33:42,06:41:57,,,$2.88,$1.87,"$14,385.70",27.88%,$1.8609755,$2.5802625,"$14,202.38",$180,,,$0.00,SHARE,SHORT,SINGLE,"$51,605.25",136,$3.32,,08:15 min,"Sep 10, 2025",center_points7573,,Private,$0.719285,0,-4451.4,17105.8,,,"17,105.80",33.15
WIN,AEHL,"1,500","Sep 10, 2025","Sep 10, 2025",06:29:11,06:39:17,,,$26.24,$24.34,$554.50,1.49%,$24.464,$24.83366667,$540.75,$13.50,,,$0.00,SHARE,SHORT,SINGLE,"$37,250.50",47,$0.25,,10:06 min,"Sep 10, 2025",center_points7573,,Private,$0.369667,0,-3154.5,8420.5,,,"8,420.50",22.61
LOSS,JBDI,"2,000","Sep 10, 2025","Sep 10, 2025",05:47:08,06:28:49,,,$2.97,$3.20,-$485.88,-8.22%,$3.20,$2.95706,-$504.21,$18,,,$0.00,SHARE,SHORT,SINGLE,"$5,914.12",24,$0.33,,41:41 min,"Sep 10, 2025",center_points7573,,Private,-$0.24294,0,-585.88,134.12,,,134.12,2.27
WIN,EDHL,"4,000","Sep 10, 2025","Sep 10, 2025",06:04:20,06:28:41,,,$1.41,$0.55,"$2,753.98",52.97%,$0.6113311,$1.299825,"$2,717.32",$36,,,$0.00,SHARE,SHORT,SINGLE,"$5,199.30",22,$0.66,$8.00,24:21 min,"Sep 10, 2025",center_points7573,,Private,$0.688495,0,0.0,2789.98,,,"2,825.90",54.35
LOSS,AEHL,"2,000","Sep 10, 2025","Sep 10, 2025",05:36:57,06:28:06,,,$12.32,$27.68,"-$24,826.70",-84.42%,$27.11808,$14.704735,"-$24,845.03",$18,,,$0.00,SHARE,SHORT,SINGLE,"$29,409.47",56,$0.33,,51:09 min,"Sep 10, 2025",center_points7573,,Private,-$12.41,0,-24826.7,1657.02,,,"1,657.02",5.63
WIN,CCTG,"3,000","Sep 10, 2025","Sep 10, 2025",05:37:55,06:10:16,,,$3.64,$1.98,"$3,513.93",31.62%,$2.53331333,$3.70462333,"$3,486.43",$27,,,$0.00,SHARE,SHORT,SINGLE,"$11,113.87",50,$0.50,,32:21 min,"Sep 10, 2025",center_points7573,,Private,$1.17,0,-1408.85,3723.93,,,"3,858.93",34.72
WIN,LGCL,"2,000","Sep 09, 2025","Sep 09, 2025",16:43:34,16:44:39,,,$1.75,$1.90,$70.00,1.84%,$1.865,$1.90,$51.67,$18,,,$0.00,SHARE,SHORT,SINGLE,"$3,800.00",11,$0.33,,01:05 min,"Sep 09, 2025",center_points7573,,Private,$0.035,0,0.0,0.0,,,,
LOSS,QMMM,40,"Sep 09, 2025","Sep 09, 2025",13:26:10,13:47:29,,,$62.28,$77.50,-$622.80,-25.14%,$77.50,$61.93,-$624.16,$1.35,,,$0.00,SHARE,SHORT,SINGLE,"$2,477.20",3,$0.01,,21:19 min,"Sep 09, 2025",center_points7573,,Private,-$15.57,0,0.0,0.0,,,,
WIN,XHG,"2,000","Sep 09, 2025","Sep 09, 2025",11:57:09,12:11:36,,,$2.03,$1.54,$590.00,14.53%,$1.735,$2.03,$571.67,$18,,,$0.00,SHARE,SHORT,SINGLE,"$4,060.00",12,$0.33,,14:27 min,"Sep 09, 2025",center_points7573,,Private,$0.295,0,0.0,0.0,,,,
WIN,ISPC,"4,000","Sep 09, 2025","Sep 09, 2025",11:16:22,11:58:09,,,$2.08,$1.97,"$1,680.00",17.80%,$1.94,$2.36,"$1,643.34",$36,,,$0.00,SHARE,SHORT,SINGLE,"$9,440.00",4,$0.66,,41:47 min,"Sep 09, 2025",center_points7573,,Private,$0.42,0,0.0,0.0,,,,
WIN,ZNB,"2,000","Sep 09, 2025","Sep 09, 2025",11:19:42,11:27:37,,,$2.93,$2.51,$490.00,8.60%,$2.605,$2.85,$471.67,$18,,,$0.00,SHARE,SHORT,SINGLE,"$5,700.00",10,$0.33,,07:55 min,"Sep 09, 2025",center_points7573,,Private,$0.245,0,0.0,0.0,,,,
LOSS,CWD,"1,000","Sep 09, 2025","Sep 09, 2025",10:24:59,10:33:41,,,$18.70,$19.01,-$360.00,-1.93%,$19.06,$18.70,-$369.17,$9,,,$0.00,SHARE,SHORT,SINGLE,"$18,700.00",7,$0.17,,08:42 min,"Sep 09, 2025",center_points7573,,Private,-$0.36,0,0.0,0.0,,,,
WIN,CWD,300,"Sep 09, 2025","Sep 09, 2025",09:10:26,09:33:30,,,$52.32,$41.32,"$1,812.27",11.55%,$46.2601,$52.301,"$1,809.07",$3.15,,,$0.00,SHARE,SHORT,SINGLE,"$15,690.30",17,$0.05,,23:04 min,"Sep 09, 2025",center_points7573,,Private,$6.04,0,0.0,0.0,,,,
WIN,CWD,400,"Sep 09, 2025","Sep 09, 2025",08:43:29,08:44:42,,,$41.61,$40.80,$909.91,5.46%,$39.36075,$41.635525,$906.24,$3.60,,,$0.00,SHARE,SHORT,SINGLE,"$16,654.21",10,$0.07,,01:13 min,"Sep 09, 2025",center_points7573,,Private,$2.27,0,0.0,0.0,,,,
WIN,CWD,800,"Sep 09, 2025","Sep 09, 2025",08:19:32,08:41:44,,,$22.50,$25.96,$101.94,0.51%,$24.9130375,$25.0404625,$94.61,$7.20,,,$0.00,SHARE,SHORT,SINGLE,"$20,032.37",50,$0.13,,22:12 min,"Sep 09, 2025",center_points7573,,Private,$0.127425,0,0.0,0.0,,,,
LOSS,CWD,500,"Sep 09, 2025","Sep 09, 2025",08:09:40,08:10:59,,,$13.61,$14.47,-$238.51,-3.50%,$14.104,$13.62698,-$243.09,$4.50,,,$0.00,SHARE,SHORT,SINGLE,"$6,813.49",18,$0.08,,01:19 min,"Sep 09, 2025",center_points7573,,Private,-$0.47702,0,0.0,0.0,,,,
WIN,YOUL,"1,000","Sep 09, 2025","Sep 09, 2025",07:23:58,07:27:13,,,$7.09,$6.72,$370.04,5.22%,$6.72,$7.09004,$360.87,$9,,,$0.00,SHARE,SHORT,SINGLE,"$7,090.04",5,$0.17,,03:15 min,"Sep 09, 2025",center_points7573,,Private,$0.37004,0,0.0,0.0,,,,
WIN,DSY,"1,000","Sep 09, 2025","Sep 09, 2025",07:10:34,07:19:41,,,$8.27,$8.11,$177.65,2.14%,$8.11003,$8.28768,$168.48,$9,,,$0.00,SHARE,SHORT,SINGLE,"$8,287.68",24,$0.17,,09:07 min,"Sep 09, 2025",center_points7573,,Private,$0.17765,0,0.0,0.0,,,,
LOSS,WOLF,"2,000","Sep 09, 2025","Sep 09, 2025",04:01:22,06:43:11,,,$2.09,$2.03,-$34.76,-0.86%,$2.0273775,$2.01,-$53.09,$18,,,$0.00,SHARE,SHORT,SINGLE,"$4,020.00",16,$0.33,,02:41:49 hr,"Sep 09, 2025",center_points7573,,Private,-$0.017378,0,0.0,0.0,,,,
WIN,DSY,"2,000","Sep 09, 2025","Sep 09, 2025",04:03:45,05:47:34,,,$7.79,$7.11,"$6,750.31",27.59%,$8.860245,$12.2354,"$6,731.98",$18,,,$0.00,SHARE,SHORT,SINGLE,"$24,470.80",78,$0.33,,01:43:49 hr,"Sep 09, 2025",center_points7573,,Private,$3.38,0,0.0,0.0,,,,
WIN,STEC,"1,300","Sep 09, 2025","Sep 09, 2025",04:38:06,04:49:41,,,$5.98,$5.40,$399.63,5.37%,$5.41384615,$5.72125385,$387.71,$11.70,,,$0.00,SHARE,SHORT,SINGLE,"$7,437.63",23,$0.22,,11:35 min,"Sep 09, 2025",center_points7573,,Private,$0.307408,0,0.0,0.0,,,,
LOSS,OCTO,"3,000","Sep 08, 2025","Sep 08, 2025",09:43:07,09:44:09,,,$16.84,$20.86,"-$12,042.30",-23.83%,$20.86,$16.84590333,"-$12,069.80",$27,,,$0.00,SHARE,SHORT,SINGLE,"$50,537.71",21,$0.50,,01:02 min,"Sep 08, 2025",center_points7573,,Private,-$4.01,0,-12042.3,3.63798e-12,,,17.71,0.04
LOSS,OCTO,"4,000","Sep 08, 2025","Sep 08, 2025",08:35:27,09:04:41,,,$14.76,$17.32,"-$4,510.67",-7.23%,$16.722905,$15.5952375,"-$4,547.33",$36,,,$0.00,SHARE,SHORT,SINGLE,"$62,380.95",66,$0.66,,29:14 min,"Sep 08, 2025",center_points7573,,Private,-$1.13,0,-7358.29,3981.71,,,"3,981.71",6.38
LOSS,XAIR,"3,000","Sep 08, 2025","Sep 08, 2025",08:03:08,09:04:34,,,$2.72,$3.30,"-$1,114.46",-12.69%,$3.30,$2.92851333,"-$1,141.96",$27,,,$0.00,SHARE,SHORT,SINGLE,"$8,785.54",32,$0.50,,01:01:26 hr,"Sep 08, 2025",center_points7573,,Private,-$0.371487,0,-1684.46,445.54,,,445.54,5.07
LOSS,OCTO,"6,000","Sep 08, 2025","Sep 08, 2025",07:28:14,08:33:57,,,$6.57,$11.66,"-$12,245.80",-24.34%,$10.42599,$8.38501667,"-$12,300.80",$54,,,$0.00,SHARE,SHORT,SINGLE,"$50,310.10",87,$1.00,,01:05:43 hr,"Sep 08, 2025",center_points7573,,Private,-$2.04,0,-15245.4,16304.6,,,"16,304.60",32.41
WIN,RECT,500,"Sep 08, 2025","Sep 08, 2025",08:04:31,08:13:10,,,$7.60,$4.99,$971.56,27.99%,$4.99978,$6.9429,$966.98,$4.50,,,$0.00,SHARE,SHORT,SINGLE,"$3,471.45",16,$0.08,,08:39 min,"Sep 08, 2025",center_points7573,,Private,$1.94,0,-503.55,1021.45,,,"1,021.45",29.42
LOSS,OCTO,"2,000","Sep 08, 2025","Sep 08, 2025",06:49:33,06:52:07,,,$3.47,$3.54,-$94.00,-1.35%,$3.54,$3.493,-$112.33,$18,,,$0.00,SHARE,SHORT,SINGLE,"$6,986.00",11,$0.33,,02:34 min,"Sep 08, 2025",center_points7573,,Private,-$0.047,0,-474.0,786.0,,,786.00,11.25
LOSS,HOUR,"7,000","Sep 05, 2025","Sep 05, 2025",10:05:21,10:30:16,,,$3.30,$4.38,"-$2,229.96",-8.20%,$4.20142286,$3.88285714,"-$2,294.12",$63,,,$0.00,SHARE,SHORT,SINGLE,"$27,180.00",54,$1.16,,24:55 min,"Sep 05, 2025",center_points7573,,Public,-$0.318566,0,-3070.0,250.0,,,250.00,0.92
WIN,QMMM,700,"Sep 04, 2025","Sep 05, 2025",11:57:52,09:53:03,,,$7.37,$7.29,$56.00,1.09%,$7.29,$7.37,$49.58,$6.30,,,$0.00,SHARE,SHORT,SINGLE,"$5,159.00",4,$0.12,,21:55:11 hr,"Sep 05, 2025",center_points7573,,Public,$0.08,0,-56.0,398.93,,,398.93,7.73
WIN,SSM,200,"Sep 05, 2025","Sep 05, 2025",08:46:34,09:52:51,,,$22.90,$19.36,$691.86,15.11%,$19.4407,$22.90,$690.03,$1.80,,,$0.00,SHARE,SHORT,SINGLE,"$4,580.00",13,$0.03,,01:06:17 hr,"Sep 05, 2025",center_points7573,,Public,$3.46,0,-965.46,978.0,,,978.00,21.35
WIN,PRSO,"2,000","Sep 05, 2025","Sep 05, 2025",09:33:41,09:52:49,,,$1.59,$1.38,$420.00,13.21%,$1.38,$1.59,$401.67,$18,,,$0.00,SHARE,SHORT,SINGLE,"$3,180.00",9,$0.33,,19:08 min,"Sep 05, 2025",center_points7573,,Public,$0.21,0,-20.0,659.8,,,659.80,20.75
WIN,SSM,300,"Sep 05, 2025","Sep 05, 2025",04:17:04,08:23:38,,,$75.34,$19.80,"$8,732.47",58.42%,$20.7152,$49.82343333,"$8,728.82",$3.60,,,$0.00,SHARE,SHORT,SINGLE,"$14,947.03",37,$0.05,,04:06:34 hr,"Sep 05, 2025",center_points7573,,Public,$29.11,0,-0.4,9090.93,,,0.00,0.00
WIN,SCAG,"1,000","Sep 05, 2025","Sep 05, 2025",04:04:01,04:06:42,,,$7.20,$6.14,"$1,027.61",14.27%,$6.17239,$7.20,"$1,018.44",$9,,,$0.00,SHARE,SHORT,SINGLE,"$7,200.00",23,$0.17,,02:41 min,"Sep 05, 2025",center_points7573,,Public,$1.03,0,-9.09495e-13,1027.61,,,"1,400.00",19.44
WIN,NBY,"1,000","Sep 04, 2025","Sep 04, 2025",17:27:56,17:53:47,,,$4.65,$4.64,$15.28,0.33%,$4.63472,$4.65,$6.11,$9,,,$0.00,SHARE,SHORT,SINGLE,"$4,650.00",9,$0.17,,25:51 min,"Sep 04, 2025",center_points7573,,Private,$0.01528,0,0.0,0.0,,,,
WIN,HOUR,"1,000","Sep 04, 2025","Sep 04, 2025",16:10:28,16:20:30,,,$2.18,$2.03,$165.74,7.60%,$2.014265,$2.18,$156.57,$9,,,$0.00,SHARE,SHORT,SINGLE,"$2,180.00",11,$0.17,,10:02 min,"Sep 04, 2025",center_points7573,,Private,$0.165735,0,0.0,0.0,,,,
LOSS,INHD,"1,500","Sep 04, 2025","Sep 04, 2025",13:20:07,14:25:38,,,$8.14,$9.145,-$195.60,-1.45%,$9.10066667,$8.97026667,-$209.49,$13.64,,,$0.00,SHARE,SHORT,SINGLE,"$13,455.40",21,$0.25,,01:05:31 hr,"Sep 04, 2025",center_points7573,,Private,-$0.1304,0,0.0,0.0,,,,
WIN,NEON,500,"Sep 04, 2025","Sep 04, 2025",11:46:35,11:50:32,,,$7.10,$6.98,$60.00,1.69%,$6.98,$7.10,$55.42,$4.50,,,$0.00,SHARE,SHORT,SINGLE,"$3,550.00",5,$0.08,,03:57 min,"Sep 04, 2025",center_points7573,,Private,$0.12,0,0.0,0.0,,,,
LOSS,DLTH,"1,000","Sep 04, 2025","Sep 04, 2025",10:50:53,10:52:15,,,$4.33,$4.45,-$111.81,-2.58%,$4.44181,$4.33,-$120.98,$9,,,$0.00,SHARE,SHORT,SINGLE,"$4,330.00",5,$0.17,,01:22 min,"Sep 04, 2025",center_points7573,,Private,-$0.11181,0,0.0,0.0,,,,
WIN,CIGL,"3,000","Sep 04, 2025","Sep 04, 2025",09:38:58,10:07:13,,,$4.43,$3.19,"$2,277.50",19.74%,$3.087,$3.84616667,"$2,250.00",$27,,,$0.00,SHARE,SHORT,SINGLE,"$11,538.50",17,$0.50,,28:15 min,"Sep 04, 2025",center_points7573,,Private,$0.759167,0,0.0,0.0,,,,
BE,BBLG,"3,000","Sep 04, 2025","Sep 04, 2025",09:57:49,10:07:11,,,$3.40,$3.37,,,$3.57333333,$3.57333333,-$27.50,$27,,,$0.00,SHARE,SHORT,SINGLE,"$10,720.00",11,$0.50,,09:22 min,"Sep 04, 2025",center_points7573,,Private,,0,0.0,0.0,,,,
WIN,ZNB,"3,000","Sep 04, 2025","Sep 04, 2025",09:41:09,10:07:04,,,$2.93,$2.75,$690.00,7.45%,$2.85666667,$3.08666667,$662.50,$27,,,$0.00,SHARE,SHORT,SINGLE,"$9,260.00",17,$0.50,,25:55 min,"Sep 04, 2025",center_points7573,,Private,$0.23,0,0.0,0.0,,,,
LOSS,CIGL,"7,000","Sep 04, 2025","Sep 04, 2025",08:14:06,09:33:26,,,$2.88,$3.615,-$240.90,-1.06%,$3.27441357,$3.24,-$305.06,$63,,,$0.00,SHARE,SHORT,SINGLE,"$22,680.00",67,$1.16,,01:19:20 hr,"Sep 04, 2025",center_points7573,,Private,-$0.034414,0,0.0,0.0,,,,
WIN,NEON,"1,250","Sep 03, 2025","Sep 04, 2025",17:21:21,07:01:21,,,$7.01,$3.62,"$4,792.97",48.59%,$4.057232,$7.891608,"$4,781.48",$11.28,,,$0.00,SHARE,SHORT,SINGLE,"$9,864.51",23,$0.21,,13:40:00 hr,"Sep 04, 2025",center_points7573,,Private,$3.83,0,0.0,0.0,,,,
WIN,BRIA,"1,000","Sep 03, 2025","Sep 03, 2025",16:36:35,16:47:47,,,$5.37,$5.75,$57.29,1.07%,$5.31271,$5.37,$48.12,$9,,,$0.00,SHARE,SHORT,SINGLE,"$5,370.00",20,$0.17,,11:12 min,"Sep 03, 2025",center_points7573,,Public,$0.05729,0,-180.0,620.0,,,620.00,11.55
WIN,ABTC,"1,000","Sep 03, 2025","Sep 03, 2025",14:31:52,14:42:37,,,$9.36,$8.74,$620.16,6.63%,$8.74,$9.36016,$615.61,$4.50,,,$0.00,SHARE,SHORT,SINGLE,"$9,360.16",7,$0.05,,10:45 min,"Sep 03, 2025",center_points7573,,Public,$0.62016,0,-154.24,780.16,,,"1,028.16",10.98
WIN,ABTC,"1,000","Sep 03, 2025","Sep 03, 2025",13:24:19,13:35:01,,,$10.02,$9.46,$560.00,5.59%,$9.46,$10.02,$550.83,$9,,,$0.00,SHARE,SHORT,SINGLE,"$10,020.00",3,$0.17,,10:42 min,"Sep 03, 2025",center_points7573,,Public,$0.56,0,-52.0,840.0,,,"3,320.00",33.13
WIN,ABTC,"3,000","Sep 03, 2025","Sep 03, 2025",10:06:51,13:20:34,,,$7.70,$10.285,$24.96,0.08%,$9.88438667,$9.89270667,-$2.54,$27,,,$0.00,SHARE,SHORT,SINGLE,"$29,678.12",21,$0.50,,03:13:43 hr,"Sep 03, 2025",center_points7573,,Public,$0.00832,0,-8381.88,2717.92,,,"2,717.92",9.16
WIN,UGRO,"10,000","Sep 03, 2025","Sep 03, 2025",11:49:52,11:59:02,,,$0.6704,$0.6186,$532.27,7.93%,$0.618193,$0.67142043,$440.61,$90,,,$0.00,SHARE,SHORT,SINGLE,"$6,714.20",27,$1.66,$40.00,09:10 min,"Sep 03, 2025",center_points7573,,Public,$0.053227,0,-432.796,714.204,,,994.77,14.82
WIN,AIHS,"2,000","Sep 03, 2025","Sep 03, 2025",09:51:28,11:35:21,,,$6.16,$4.88,"$2,718.70",21.14%,$5.07065,$6.43,"$2,700.37",$18,,,$0.00,SHARE,SHORT,SINGLE,"$12,860.00",36,$0.33,,01:43:53 hr,"Sep 03, 2025",center_points7573,,Public,$1.36,0,-3660.0,2778.7,,,"3,084.70",23.99
WIN,KLRS,"1,000","Sep 03, 2025","Sep 03, 2025",11:20:40,11:28:17,,,$7.11,$5.79,"$1,328.27",18.66%,$5.79,$7.11827,"$1,319.10",$9,,,$0.00,SHARE,SHORT,SINGLE,"$7,118.27",13,$0.17,,07:37 min,"Sep 03, 2025",center_points7573,,Public,$1.33,0,-121.73,1328.27,,,"1,728.27",24.28
WIN,PSNYW,"1,234","Sep 03, 2025","Sep 03, 2025",09:36:50,09:39:53,,,$0.5771,$0.5295,$58.74,8.25%,$0.5295,$0.57709951,$47.43,$11.10,,,$0.00,SHARE,SHORT,SINGLE,$712.14,3,$0.20,$4.94,03:03 min,"Sep 03, 2025",center_points7573,,Public,$0.0476,0,-0.0,58.7378,,,301.71,42.37
WIN,NBY,"2,000","Sep 03, 2025","Sep 03, 2025",08:58:31,09:16:15,,,$2.77,$2.57,$357.01,6.44%,$2.592845,$2.77135,$338.68,$18,,,$0.00,SHARE,SHORT,SINGLE,"$5,542.70",26,$0.33,,17:44 min,"Sep 03, 2025",center_points7573,,Public,$0.178505,0,-57.3,422.7,,,422.70,7.63
WIN,PSNYW,"10,000","Sep 03, 2025","Sep 03, 2025",07:00:32,08:58:02,,,$0.6409,$0.5651,$177.02,3.04%,$0.56507777,$0.58277948,$85.36,$90,,,$0.00,SHARE,SHORT,SINGLE,"$5,827.79",30,$1.66,$40.00,01:57:30 hr,"Sep 03, 2025",center_points7573,,Public,$0.017702,0,-1672.21,722.795,,,"2,170.94",37.25
WIN,STI,"2,000","Sep 03, 2025","Sep 03, 2025",06:50:03,08:10:18,,,$7.90,$7.84,$421.70,2.68%,$7.66415,$7.875,$403.37,$18,,,$0.00,SHARE,SHORT,SINGLE,"$15,750.00",24,$0.33,,01:20:15 hr,"Sep 03, 2025",center_points7573,,Public,$0.21085,0,-930.0,4113.0,,,"4,113.00",26.11
WIN,UGRO,"10,000","Sep 02, 2025","Sep 02, 2025",17:14:39,17:35:58,,,$0.72,$0.6392,$824.26,11.22%,$0.65219593,$0.73462188,$732.60,$90,,,$0.00,SHARE,SHORT,SINGLE,"$7,346.22",24,$1.66,$40.00,21:19 min,"Sep 02, 2025",center_points7573,,Public,$0.082426,0,-295.0,954.219,,,954.22,12.99
OPEN,GRYP,"10,000","Sep 02, 2025","Sep 02, 2025",09:41:17,17:33:07,,,$1.45,,$120.00,0,$1.45,$1.4409,$50.84,$67.50,,,$0.00,SHARE,SHORT,SINGLE,"$14,409.00",13,$1.66,,07:51:50 hr,"Sep 02, 2025",center_points7573,5000.0,Public,$0.012,0,0.0,0.0,,,,
WIN,HWH,"5,000","Sep 02, 2025","Sep 02, 2025",12:27:29,14:21:52,,,$6.52,$5.09,"$5,380.66",17.64%,$5.0228,$6.098932,"$5,334.83",$45,,,$0.00,SHARE,SHORT,SINGLE,"$30,494.66",21,$0.83,,01:54:23 hr,"Sep 02, 2025",center_points7573,,Public,$1.08,0,-804.84,6130.41,,,"7,140.66",23.42
LOSS,SMTK,"4,000","Sep 02, 2025","Sep 02, 2025",12:48:08,12:54:39,,,$2.05,$2.16,-$520.00,-6.40%,$2.16,$2.03,-$556.66,$36,,,$0.00,SHARE,SHORT,SINGLE,"$8,120.00",18,$0.66,,06:31 min,"Sep 02, 2025",center_points7573,,Public,-$0.13,0,-760.0,360.0,,,"1,502.00",18.50
LOSS,SMTK,"4,000","Sep 02, 2025","Sep 02, 2025",12:22:33,12:37:45,,,$1.93,$1.94,-$80.94,-1.06%,$1.93275625,$1.9125225,-$117.60,$36,,,$0.00,SHARE,SHORT,SINGLE,"$7,650.09",29,$0.66,,15:12 min,"Sep 02, 2025",center_points7573,,Public,-$0.020234,0,-949.91,1210.09,,,"1,210.09",15.82
WIN,HWH,"3,000","Sep 02, 2025","Sep 02, 2025",11:31:56,11:49:10,,,$7.01,$6.92,$197.00,0.94%,$6.931,$6.99666667,$169.50,$27,,,$0.00,SHARE,SHORT,SINGLE,"$20,990.00",23,$0.50,,17:14 min,"Sep 02, 2025",center_points7573,,Public,$0.065667,0,-370.0,2480.0,,,"2,480.00",11.82
LOSS,HWH,"9,000","Sep 02, 2025","Sep 02, 2025",09:57:38,11:20:02,,,$3.15,$5.81,"-$7,118.04",-18.18%,$5.14239333,$4.3515,"-$7,200.53",$81,,,$0.00,SHARE,SHORT,SINGLE,"$39,163.50",65,$1.49,,01:22:24 hr,"Sep 02, 2025",center_points7573,,Public,-$0.790893,0,-7118.04,693.5,,,693.50,1.77
LOSS,LAWR,"2,000","Sep 02, 2025","Sep 02, 2025",10:16:27,10:40:03,,,$3.22,$3.57,-$706.92,-10.96%,$3.5795,$3.22604,-$725.25,$18,,,$0.00,SHARE,SHORT,SINGLE,"$6,452.08",18,$0.33,,23:36 min,"Sep 02, 2025",center_points7573,,Public,-$0.35346,0,-727.92,212.08,,,212.08,3.29
WIN,NUKK,"1,000","Sep 02, 2025","Sep 02, 2025",09:56:06,10:24:16,,,$6.71,$6.66,$212.00,3.16%,$6.498,$6.71,$202.83,$9,,,$0.00,SHARE,SHORT,SINGLE,"$6,710.00",10,$0.17,,28:10 min,"Sep 02, 2025",center_points7573,,Public,$0.212,0,-320.0,530.0,,,530.00,7.90
WIN,LAWR,"2,000","Sep 02, 2025","Sep 02, 2025",10:07:56,10:15:46,,,$3.36,$3.34,$90.00,1.33%,$3.34,$3.385,$71.67,$18,,,$0.00,SHARE,SHORT,SINGLE,"$6,770.00",6,$0.33,,07:50 min,"Sep 02, 2025",center_points7573,,Public,$0.045,0,-510.0,370.0,,,370.00,5.47
WIN,UUU,"2,000","Sep 02, 2025","Sep 02, 2025",09:34:02,10:07:25,,,$5.81,$5.47,$922.50,7.94%,$5.35,$5.81125,$904.17,$18,,,$0.00,SHARE,SHORT,SINGLE,"$11,622.50",6,$0.33,,33:23 min,"Sep 02, 2025",center_points7573,,Public,$0.46125,0,-537.3,1322.5,,,"1,322.50",11.38
WIN,LAWR,"1,000","Sep 02, 2025","Sep 02, 2025",09:44:10,10:06:46,,,$3.45,$3.36,$107.86,3.11%,$3.36173,$3.46959,$98.69,$9,,,$0.00,SHARE,SHORT,SINGLE,"$3,469.59",11,$0.17,,22:36 min,"Sep 02, 2025",center_points7573,,Public,$0.10786,0,-60.41,519.59,,,519.59,14.98
LOSS,LAWR,"1,000","Sep 02, 2025","Sep 02, 2025",09:33:42,09:35:36,,,$3.11,$3.17,-$57.84,-1.86%,$3.17,$3.11216,-$67.01,$9,,,$0.00,SHARE,SHORT,SINGLE,"$3,112.16",4,$0.17,,01:54 min,"Sep 02, 2025",center_points7573,,Public,-$0.05784,0,-57.84,302.16,,,352.16,11.32
WIN,ZONE,8,"Sep 02, 2025","Sep 02, 2025",08:30:55,08:31:36,,,$7.57,$5.60,$11.08,19.83%,$5.60,$6.985,$9.28,$1.80,,,$0.00,SHARE,SHORT,SINGLE,$55.88,4,$0.00,,41 sec,"Sep 02, 2025",center_points7573,,Public,$1.39,0,-0.0,11.08,,,39.88,71.37
WIN,UUU,"2,000","Sep 02, 2025","Sep 02, 2025",08:11:01,08:24:22,,,$6.08,$5.69,$868.47,7.14%,$5.646765,$6.081,$850.14,$18,,,$0.00,SHARE,SHORT,SINGLE,"$12,162.00",40,$0.33,,13:21 min,"Sep 02, 2025",center_points7573,,Public,$0.434235,0,-198.0,4642.0,,,"4,642.00",38.17
WIN,SSKN,"1,000","Sep 02, 2025","Sep 02, 2025",08:07:56,08:09:05,,,$3.40,$3.18,$220.00,6.47%,$3.18,$3.40,$210.83,$9,,,$0.00,SHARE,SHORT,SINGLE,"$3,400.00",8,$0.17,,01:09 min,"Sep 02, 2025",center_points7573,,Public,$0.22,0,-70.0,260.0,,,930.00,27.35
WIN,BIOA,"2,000","Aug 29, 2025","Aug 29, 2025",18:30:32,18:54:09,,,$5.23,$4.98,$435.12,4.18%,$4.98868,$5.20624,$416.79,$18,,,$0.00,SHARE,SHORT,SINGLE,"$10,412.48",56,$0.33,,23:37 min,"Aug 29, 2025",center_points7573,,Public,$0.21756,0,-127.52,512.48,,,542.72,5.21
LOSS,CARM,"40,000","Aug 29, 2025","Aug 29, 2025",17:03:59,17:30:48,,,$0.5525,$0.6132,-$64.29,-0.27%,$0.59887658,$0.59726933,-$430.93,$360,,,$0.00,SHARE,SHORT,SINGLE,"$23,890.77",74,$6.64,$160.00,26:49 min,"Aug 29, 2025",center_points7573,,Public,-$0.001607,0,-1261.04,1460.58,,,"1,460.58",6.11
LOSS,CGC,"2,000","Aug 29, 2025","Aug 29, 2025",16:13:46,16:15:13,,,$1.70,$1.79,-$180.00,-5.29%,$1.79,$1.70,-$198.33,$18,,,$0.00,SHARE,SHORT,SINGLE,"$3,400.00",2,$0.33,,01:27 min,"Aug 29, 2025",center_points7573,,Public,-$0.09,0,-180.0,0.0,,,320.00,9.41
LOSS,IPDN,"7,000","Aug 29, 2025","Aug 29, 2025",14:02:44,14:22:17,,,$8.80,$9.04,"-$1,768.28",-2.87%,$9.05378857,$8.80117714,"-$1,832.44",$63,,,$0.00,SHARE,SHORT,SINGLE,"$61,608.24",65,$1.16,,19:33 min,"Aug 29, 2025",center_points7573,,Public,-$0.252611,0,-2371.76,4628.24,,,"4,628.24",7.51
WIN,IPDN,"10,000","Aug 29, 2025","Aug 29, 2025",11:30:09,12:10:11,,,$6.53,$6.49,"$2,190.34",3.35%,$6.315635,$6.534669,"$2,098.68",$90,,,$0.00,SHARE,SHORT,SINGLE,"$65,346.69",92,$1.66,,40:02 min,"Aug 29, 2025",center_points7573,,Public,$0.219034,0,-1243.31,5756.69,,,"5,756.69",8.81
LOSS,IPDN,"8,000","Aug 29, 2025","Aug 29, 2025",09:28:10,10:47:20,,,$2.97,$6.31,"-$12,625.70",-36.22%,$5.93496,$4.35674375,"-$12,699.03",$72,,,$0.00,SHARE,SHORT,SINGLE,"$34,853.95",79,$1.33,,01:19:10 hr,"Aug 29, 2025",center_points7573,,Public,-$1.58,0,-14838.0,953.7,,,953.70,2.74
WIN,NUKK,"2,000","Aug 29, 2025","Aug 29, 2025",09:36:09,10:14:48,,,$5.64,$4.62,"$1,610.00",14.24%,$4.85,$5.655,"$1,591.67",$18,,,$0.00,SHARE,SHORT,SINGLE,"$11,310.00",9,$0.33,,38:39 min,"Aug 29, 2025",center_points7573,,Public,$0.805,0,-30.0,1665.0,,,"1,739.74",15.38
WIN,GMHS,"2,000","Aug 29, 2025","Aug 29, 2025",10:12:47,10:14:45,,,$2.12,$2.11,$20.00,0.47%,$2.11,$2.12,$1.67,$18,,,$0.00,SHARE,SHORT,SINGLE,"$4,240.00",2,$0.33,,01:58 min,"Aug 29, 2025",center_points7573,,Public,$0.01,0,-0.0,120.0,,,920.00,21.70
WIN,MOVE,"9,000","Aug 29, 2025","Aug 29, 2025",09:33:37,10:04:44,,,$1.15,$1.04,$870.00,7.92%,$1.12333333,$1.22,$787.51,$81,,,$0.00,SHARE,SHORT,SINGLE,"$10,980.00",22,$1.49,$6.00,31:07 min,"Aug 29, 2025",center_points7573,,Public,$0.096667,0,-750.0,960.0,,,"1,044.90",9.52
LOSS,NUKK,"1,000","Aug 29, 2025","Aug 29, 2025",09:09:33,09:19:59,,,$5.64,$5.70,-$68.98,-1.22%,$5.70898,$5.64,-$78.15,$9,,,$0.00,SHARE,SHORT,SINGLE,"$5,640.00",11,$0.17,,10:26 min,"Aug 29, 2025",center_points7573,,Public,-$0.06898,0,-240.0,190.1,,,190.10,3.37
WIN,SOGP,"2,000","Aug 28, 2025","Aug 28, 2025",12:16:42,12:43:34,,,$10.05,$10.22,$680.30,3.20%,$10.28485,$10.625,$661.97,$18,,,$0.00,SHARE,SHORT,SINGLE,"$21,250.00",7,$0.33,,26:52 min,"Aug 28, 2025",center_points7573,,Public,$0.34015,0,-1840.0,1249.8,,,"1,972.50",9.28
LOSS,SOGP,"1,000","Aug 28, 2025","Aug 28, 2025",11:23:38,11:34:40,,,$7.54,$7.535,-$9.49,-0.13%,$7.54949,$7.54,-$18.66,$9,,,$0.00,SHARE,SHORT,SINGLE,"$7,540.00",6,$0.17,,11:02 min,"Aug 28, 2025",center_points7573,,Public,-$0.00949,0,-310.0,300.0,,,300.00,3.98
LOSS,SOGP,"1,000","Aug 28, 2025","Aug 28, 2025",11:11:41,11:17:09,,,$7.08,$7.36,-$280.00,-3.95%,$7.36,$7.08,-$289.17,$9,,,$0.00,SHARE,SHORT,SINGLE,"$7,080.00",6,$0.17,,05:28 min,"Aug 28, 2025",center_points7573,,Public,-$0.28,0,-280.0,250.0,,,250.00,3.53
WIN,SOGP,"1,000","Aug 28, 2025","Aug 28, 2025",10:18:19,10:42:51,,,$6.70,$6.01,$500.00,7.46%,$6.20,$6.70,$490.82,$9.01,,,$0.00,SHARE,SHORT,SINGLE,"$6,700.00",8,$0.17,,24:32 min,"Aug 28, 2025",center_points7573,,Public,$0.50,0,-190.0,565.0,,,565.00,8.43
BE,LGHL,"2,000","Aug 28, 2025","Aug 28, 2025",08:59:57,09:13:34,,,$2.73,$2.73,,,$2.73,$2.73,-$18.33,$18,,,$0.00,SHARE,SHORT,SINGLE,"$5,460.00",38,$0.33,,13:37 min,"Aug 28, 2025",center_points7573,,Public,,0,-240.0,400.0,,,400.00,7.33
LOSS,CWD,"6,000","Aug 28, 2025","Aug 28, 2025",08:21:12,09:13:27,,,$2.91,$3.09,-$480.03,-2.65%,$3.10333833,$3.02333333,-$535.03,$54,,,$0.00,SHARE,SHORT,SINGLE,"$18,140.00",63,$1.00,,52:15 min,"Aug 28, 2025",center_points7573,,Public,-$0.080005,0,-1190.0,339.97,,,339.97,1.87
WIN,CWD,"3,000","Aug 28, 2025","Aug 28, 2025",07:36:26,08:16:31,,,$2.74,$2.81,$50.00,0.59%,$2.80,$2.81666667,$22.50,$27,,,$0.00,SHARE,SHORT,SINGLE,"$8,450.00",27,$0.50,,40:05 min,"Aug 28, 2025",center_points7573,,Public,$0.016667,0,-700.0,2260.0,,,"2,260.00",26.75
LOSS,CWD,"1,000","Aug 28, 2025","Aug 28, 2025",07:28:09,07:34:38,,,$2.61,$2.65,-$40.00,-1.53%,$2.65,$2.61,-$49.17,$9,,,$0.00,SHARE,SHORT,SINGLE,"$2,610.00",8,$0.17,,06:29 min,"Aug 28, 2025",center_points7573,,Public,-$0.04,0,-40.0,220.0,,,245.00,9.39
WIN,PSNYW,486,"Aug 27, 2025","Aug 27, 2025",16:11:25,16:14:50,,,$0.429,$0.4229,$2.96,1.42%,$0.4229,$0.429,-$1.50,$4.38,,,$0.00,SHARE,SHORT,SINGLE,$208.49,5,$0.08,$1.94,03:25 min,"Aug 27, 2025",center_points7573,,Public,$0.0061,0,0.0,0.0,,,,
WIN,MODV,"6,000","Aug 25, 2025","Aug 27, 2025",16:23:17,15:25:05,,,$0.6725,$0.4358,"$1,405.56",34.83%,$0.43826167,$0.67252087,"$1,350.56",$54,,,$0.00,SHARE,SHORT,SINGLE,"$4,035.13",7,$1.00,$24.00,1d,"Aug 27, 2025",center_points7573,,Public,$0.23426,0,0.0,0.0,,,,
WIN,NBY,"15,500","Aug 27, 2025","Aug 27, 2025",04:37:54,14:42:03,,,$1.40,$1.55,"$1,225.00",4.75%,$1.58548387,$1.66451613,"$1,082.93",$139.50,,,$0.00,SHARE,SHORT,SINGLE,"$25,800.00",45,$2.57,,10:04:09 hr,"Aug 27, 2025",center_points7573,,Public,$0.079032,0,0.0,0.0,,,,
WIN,PSNYW,"40,000","Aug 27, 2025","Aug 27, 2025",09:23:25,14:41:45,,,$0.3619,$0.4645,"$3,596.89",16.82%,$0.44457701,$0.53449919,"$3,230.25",$360,,,$0.00,SHARE,SHORT,SINGLE,"$21,379.97",67,$6.64,$160.00,05:18:20 hr,"Aug 27, 2025",center_points7573,,Public,$0.089922,0,0.0,0.0,,,,
WIN,IMG,"10,000","Aug 27, 2025","Aug 27, 2025",13:09:10,13:17:09,,,$0.3655,$0.329,$437.50,11.97%,$0.32174975,$0.3655,$345.84,$90,,,$0.00,SHARE,SHORT,SINGLE,"$3,655.00",13,$1.66,$40.00,07:59 min,"Aug 27, 2025",center_points7573,,Public,$0.04375,0,0.0,0.0,,,,
WIN,BTAI,"3,000","Aug 27, 2025","Aug 27, 2025",07:36:09,13:10:28,,,$5.74,$4.05,"$3,453.49",21.88%,$4.11,$5.26116333,"$3,425.99",$27,,,$0.00,SHARE,SHORT,SINGLE,"$15,783.49",18,$0.50,,05:34:19 hr,"Aug 27, 2025",center_points7573,,Public,$1.15,0,0.0,0.0,,,,
LOSS,QMMM,"1,500","Aug 27, 2025","Aug 27, 2025",12:39:55,12:55:40,,,$5.19,$5.29,-$149.56,-1.92%,$5.28970667,$5.19,-$163.31,$13.50,,,$0.00,SHARE,SHORT,SINGLE,"$7,785.00",4,$0.25,,15:45 min,"Aug 27, 2025",center_points7573,,Public,-$0.099707,0,0.0,0.0,,,,
WIN,WAI,"50,000","Aug 27, 2025","Aug 27, 2025",09:52:50,12:07:13,,,$0.2088,$0.1899,"$1,655.29",12.12%,$0.24001511,$0.2731209,"$1,196.99",$450,,,$0.00,SHARE,SHORT,SINGLE,"$13,656.05",60,$8.30,$200.00,02:14:23 hr,"Aug 27, 2025",center_points7573,,Public,$0.033106,0,0.0,0.0,,,,
WIN,DEVS,"4,500","Aug 27, 2025","Aug 27, 2025",06:58:35,12:07:02,,,$3.89,$2.59,"$3,764.09",22.04%,$2.95943111,$3.79589556,"$3,722.84",$40.50,,,$0.00,SHARE,SHORT,SINGLE,"$17,081.53",47,$0.75,,05:08:27 hr,"Aug 27, 2025",center_points7573,,Public,$0.836464,0,0.0,0.0,,,,
WIN,NAMI,"2,000","Aug 27, 2025","Aug 27, 2025",10:27:52,11:41:42,,,$1.69,$1.49,$392.64,11.62%,$1.49368,$1.69,$374.31,$18,,,$0.00,SHARE,SHORT,SINGLE,"$3,380.00",17,$0.33,,01:13:50 hr,"Aug 27, 2025",center_points7573,,Public,$0.19632,0,0.0,0.0,,,,
LOSS,PSNY,"3,000","Aug 27, 2025","Aug 27, 2025",10:24:58,11:29:01,,,$1.28,$1.37,-$110.00,-2.86%,$1.31666667,$1.28,-$137.50,$27,,,$0.00,SHARE,SHORT,SINGLE,"$3,840.00",6,$0.50,,01:04:03 hr,"Aug 27, 2025",center_points7573,,Public,-$0.036667,0,0.0,0.0,,,,
WIN,PTNM,"2,000","Aug 27, 2025","Aug 27, 2025",11:13:16,11:28:18,,,$1.57,$1.43,$220.00,7%,$1.46,$1.57,$201.67,$18,,,$0.00,SHARE,SHORT,SINGLE,"$3,140.00",15,$0.33,,15:02 min,"Aug 27, 2025",center_points7573,,Public,$0.11,0,0.0,0.0,,,,
WIN,STSS,500,"Aug 27, 2025","Aug 27, 2025",10:54:16,11:17:55,,,$16.80,$15.24,$943.00,11.23%,$14.915,$16.801,$938.41,$4.51,,,$0.00,SHARE,SHORT,SINGLE,"$8,400.50",9,$0.08,,23:39 min,"Aug 27, 2025",center_points7573,,Public,$1.89,0,0.0,0.0,,,,
WIN,SKBL,"5,000","Aug 27, 2025","Aug 27, 2025",10:48:41,10:49:42,,,$0.8211,$0.80,$101.84,2.48%,$0.80074106,$0.82111,$56.02,$45,,,$0.00,SHARE,SHORT,SINGLE,"$4,105.55",27,$0.83,$20.00,01:01 min,"Aug 27, 2025",center_points7573,,Public,$0.020369,0,0.0,0.0,,,,
WIN,AZTR,"6,000","Aug 27, 2025","Aug 27, 2025",08:48:14,10:39:17,,,$1.43,$1.05,"$1,640.50",19.71%,$1.11408333,$1.3875,"$1,585.50",$54,,,$0.00,SHARE,SHORT,SINGLE,"$8,325.00",14,$1.00,,01:51:03 hr,"Aug 27, 2025",center_points7573,,Public,$0.273417,0,0.0,0.0,,,,
WIN,YHGJ,"2,076","Aug 27, 2025","Aug 27, 2025",10:33:29,10:34:47,,,$0.72,$0.7223,$15.30,1.02%,$0.71266272,$0.72003372,-$3.72,$18.68,,,$0.00,SHARE,SHORT,SINGLE,"$1,494.79",9,$0.34,$8.30,01:18 min,"Aug 27, 2025",center_points7573,,Public,$0.007371,0,0.0,0.0,,,,
WIN,EPWK,"10,000","Aug 27, 2025","Aug 27, 2025",10:12:29,10:24:14,,,$0.4321,$0.3202,"$1,055.91",24.42%,$0.32677858,$0.43237,$964.25,$90,,,$0.00,SHARE,SHORT,SINGLE,"$4,323.70",14,$1.66,$40.00,11:45 min,"Aug 27, 2025",center_points7573,,Public,$0.105591,0,0.0,0.0,,,,
LOSS,MBRX,"10,000","Aug 27, 2025","Aug 27, 2025",08:47:29,08:48:25,,,$0.6831,$0.7098,-$286.44,-4.19%,$0.71174427,$0.6831,-$378.10,$90,,,$0.00,SHARE,SHORT,SINGLE,"$6,831.00",14,$1.66,$40.00,56 sec,"Aug 27, 2025",center_points7573,,Public,-$0.028644,0,0.0,0.0,,,,
LOSS,NBY,"4,000","Aug 26, 2025","Aug 26, 2025",16:16:58,17:32:58,,,$1.27,$1.31,-$180.00,-3.60%,$1.295,$1.25,-$216.66,$36,,,$0.00,SHARE,SHORT,SINGLE,"$5,000.00",16,$0.66,,01:16:00 hr,"Aug 26, 2025",center_points7573,,Private,-$0.045,0,-480.0,160.0,,,160.00,3.20
LOSS,QMMM,"2,000","Aug 15, 2025","Aug 26, 2025",15:42:13,14:53:14,,,$2.81,$3.76,"-$1,824.85",-32.47%,$3.722425,$2.81,"-$1,843.18",$18,,,$0.00,SHARE,SHORT,SINGLE,"$5,620.00",7,$0.33,,10d,"Aug 26, 2025",center_points7573,,Private,-$0.912425,0,-5560.0,300.0,,,300.00,5.34
WIN,THAR,"3,000","Aug 26, 2025","Aug 26, 2025",09:46:28,12:22:07,,,$6.59,$6.50,$92.06,0.45%,$6.73598,$6.76666667,$64.56,$27,,,$0.00,SHARE,SHORT,SINGLE,"$20,300.00",17,$0.50,,02:35:39 hr,"Aug 26, 2025",center_points7573,,Private,$0.030687,0,-1900.0,1150.0,,,"1,150.00",5.67
WIN,NUKK,500,"Aug 26, 2025","Aug 26, 2025",12:00:42,12:17:22,,,$9.86,$10.16,$128.50,2.51%,$9.976,$10.233,$123.92,$4.50,,,$0.00,SHARE,SHORT,SINGLE,"$5,116.50",8,$0.08,,16:40 min,"Aug 26, 2025",center_points7573,,Private,$0.257,0,-384.5,481.5,,,"1,586.50",31.01
WIN,WORX,"20,000","Aug 26, 2025","Aug 26, 2025",11:17:00,12:15:33,,,$0.5774,$0.4314,"$2,021.33",18.02%,$0.45973332,$0.5608,"$1,838.01",$180,,,$0.00,SHARE,SHORT,SINGLE,"$11,216.00",31,$3.32,$80.00,58:33 min,"Aug 26, 2025",center_points7573,,Private,$0.101066,0,-554.0,2182.33,,,"2,345.63",20.91
WIN,HKPD,"7,000","Aug 26, 2025","Aug 26, 2025",10:04:14,11:06:30,,,$2.18,$2.03,$780.00,5.13%,$2.06,$2.17142857,$715.84,$63,,,$0.00,SHARE,SHORT,SINGLE,"$15,200.00",32,$1.16,,01:02:16 hr,"Aug 26, 2025",center_points7573,,Private,$0.111429,0,-540.0,1390.0,,,"1,390.00",9.14
WIN,ALLR,"3,000","Aug 26, 2025","Aug 26, 2025",09:43:43,10:11:51,,,$2.18,$1.83,"$1,065.00",16.21%,$1.835,$2.19,"$1,037.50",$27,,,$0.00,SHARE,SHORT,SINGLE,"$6,570.00",6,$0.50,,28:08 min,"Aug 26, 2025",center_points7573,,Private,$0.355,0,-80.0,1199.7,,,"1,585.00",24.12
WIN,PTHL,"2,000","Aug 26, 2025","Aug 26, 2025",09:58:46,10:05:45,,,$0.8584,$0.7765,$163.80,9.54%,$0.7765,$0.8584,$145.47,$18,,,$0.00,SHARE,SHORT,SINGLE,"$1,716.80",2,$0.33,$8.00,06:59 min,"Aug 26, 2025",center_points7573,,Private,$0.0819,0,-158.8,216.4,,,596.80,34.76
WIN,PTHL,200,"Aug 26, 2025","Aug 26, 2025",09:52:35,09:54:06,,,$0.9843,$0.8554,$25.78,13.10%,$0.8554,$0.9843,$20.35,$5.40,,,$0.00,SHARE,SHORT,SINGLE,$196.86,3,$0.03,$1.80,01:31 min,"Aug 26, 2025",center_points7573,,Private,$0.1289,0,-0.0,30.4,,,55.32,28.10
LOSS,ALLR,"5,000","Aug 26, 2025","Aug 26, 2025",08:30:36,09:03:07,,,$1.59,$1.99,-$720.00,-8.13%,$1.916,$1.772,-$765.83,$45,,,$0.00,SHARE,SHORT,SINGLE,"$8,860.00",20,$0.83,,32:31 min,"Aug 26, 2025",center_points7573,,Private,-$0.144,0,-720.0,30.0,,,30.00,0.34
LOSS,IXHL,"10,000","Aug 26, 2025","Aug 26, 2025",08:02:00,08:29:27,,,$0.8807,$0.8721,-$63.14,-0.73%,$0.87231332,$0.86599884,-$154.80,$90,,,$0.00,SHARE,SHORT,SINGLE,"$8,659.99",28,$1.66,$40.00,27:27 min,"Aug 26, 2025",center_points7573,,Private,-$0.006314,0,-213.012,659.988,,,659.99,7.62
WIN,VRAX,"3,000","Aug 26, 2025","Aug 26, 2025",07:31:45,07:43:22,,,$1.20,$1.03,$435.00,12.08%,$1.055,$1.20,$407.50,$27,,,$0.00,SHARE,SHORT,SINGLE,"$3,600.00",11,$0.50,,11:37 min,"Aug 26, 2025",center_points7573,,Private,$0.145,0,-40.0,465.0,,,728.09,20.22
WIN,EPIX,"32,822","Aug 25, 2025","Aug 25, 2025",06:57:24,16:42:55,,,$0.5174,$0.2599,"$8,192.24",36.05%,$0.44280868,$0.69240463,"$7,891.39",$295.40,,,$0.00,SHARE,SHORT,SINGLE,"$22,726.10",91,$5.45,$131.29,09:45:31 hr,"Aug 25, 2025",center_points7573,,Public,$0.249596,0,0.0,0.0,,,,
WIN,BENF,"5,000","Aug 25, 2025","Aug 25, 2025",16:05:51,16:15:11,,,$0.6598,$0.6018,$191.70,5.81%,$0.62146274,$0.65980364,$145.87,$45,,,$0.00,SHARE,SHORT,SINGLE,"$3,299.02",13,$0.83,$20.00,09:20 min,"Aug 25, 2025",center_points7573,,Public,$0.038341,0,0.0,0.0,,,,
WIN,OPAD,"1,000","Aug 25, 2025","Aug 25, 2025",15:49:07,15:57:02,,,$3.67,$3.65,$20.00,0.54%,$3.67,$3.69,$10.83,$9,,,$0.00,SHARE,SHORT,SINGLE,"$3,690.00",5,$0.17,,07:55 min,"Aug 25, 2025",center_points7573,,Public,$0.02,0,0.0,0.0,,,,
WIN,OPAD,"1,000","Aug 25, 2025","Aug 25, 2025",14:50:45,15:48:22,,,$4.32,$3.95,$395.00,9.14%,$3.925,$4.32,$385.83,$9,,,$0.00,SHARE,SHORT,SINGLE,"$4,320.00",4,$0.17,,57:37 min,"Aug 25, 2025",center_points7573,,Public,$0.395,0,0.0,0.0,,,,
WIN,FTHM,"2,000","Aug 25, 2025","Aug 25, 2025",15:13:35,15:22:36,,,$2.70,$2.70,$133.33,2.43%,$2.678645,$2.74531,$115.00,$18,,,$0.00,SHARE,SHORT,SINGLE,"$5,490.62",19,$0.33,,09:01 min,"Aug 25, 2025",center_points7573,,Public,$0.066665,0,0.0,0.0,,,,
LOSS,OPAD,"2,000","Aug 25, 2025","Aug 25, 2025",14:19:53,14:29:58,,,$3.32,$3.70,-$760.00,-11.45%,$3.70,$3.32,-$769.33,$9,,,$0.00,SHARE,SHORT,SINGLE,"$6,640.00",11,$0.33,,10:05 min,"Aug 25, 2025",center_points7573,,Public,-$0.38,0,0.0,0.0,,,,
LOSS,GPRO,"2,000","Aug 25, 2025","Aug 25, 2025",13:38:24,13:43:46,,,$1.46,$1.51,-$100.00,-3.42%,$1.51,$1.46,-$118.33,$18,,,$0.00,SHARE,SHORT,SINGLE,"$2,920.00",2,$0.33,,05:22 min,"Aug 25, 2025",center_points7573,,Public,-$0.05,0,0.0,0.0,,,,
WIN,OPAD,"2,500","Aug 25, 2025","Aug 25, 2025",13:10:24,13:23:27,,,$3.555,$3.18,$265.00,3.14%,$3.268,$3.374,$242.09,$22.50,,,$0.00,SHARE,SHORT,SINGLE,"$8,435.00",15,$0.41,,13:03 min,"Aug 25, 2025",center_points7573,,Public,$0.106,0,0.0,0.0,,,,
WIN,THAR,"1,500","Aug 25, 2025","Aug 25, 2025",10:34:49,12:13:06,,,$7.97,$8.01,$563.06,4.67%,$7.66333333,$8.03870667,$549.28,$13.53,,,$0.00,SHARE,SHORT,SINGLE,"$12,058.06",14,$0.25,,01:38:17 hr,"Aug 25, 2025",center_points7573,,Public,$0.375373,0,0.0,0.0,,,,
WIN,OSRH,"6,000","Aug 25, 2025","Aug 25, 2025",07:19:51,12:12:45,,,$0.9373,$1.01,$225.34,3.57%,$1.01405,$1.0516068,$170.34,$54,,,$0.00,SHARE,SHORT,SINGLE,"$6,309.64",13,$1.00,$12.00,04:52:54 hr,"Aug 25, 2025",center_points7573,,Public,$0.037557,0,0.0,0.0,,,,
WIN,MODV,"3,000","Aug 25, 2025","Aug 25, 2025",09:46:19,11:55:29,,,$0.7553,$0.715,$109.50,4.86%,$0.715,$0.7515,$82.00,$27,,,$0.00,SHARE,SHORT,SINGLE,"$2,254.50",4,$0.50,$12.00,02:09:10 hr,"Aug 25, 2025",center_points7573,,Public,$0.0365,0,0.0,0.0,,,,
WIN,INHD,"3,500","Aug 25, 2025","Aug 25, 2025",10:51:43,11:54:32,,,$2.41,$2.58,$139.78,1.47%,$2.68428571,$2.72422286,$107.70,$31.50,,,$0.00,SHARE,SHORT,SINGLE,"$9,534.78",21,$0.58,,01:02:49 hr,"Aug 25, 2025",center_points7573,,Public,$0.039937,0,0.0,0.0,,,,
WIN,CAPS,"2,000","Aug 25, 2025","Aug 25, 2025",07:33:16,11:28:37,,,$1.93,$1.73,$453.65,11.71%,$1.71,$1.936825,$435.32,$18,,,$0.00,SHARE,SHORT,SINGLE,"$3,873.65",12,$0.33,,03:55:21 hr,"Aug 25, 2025",center_points7573,,Public,$0.226825,0,0.0,0.0,,,,
WIN,OPAD,"2,000","Aug 25, 2025","Aug 25, 2025",10:59:17,11:20:37,,,$2.57,$2.55,$157.35,3.06%,$2.495,$2.573675,$139.02,$18,,,$0.00,SHARE,SHORT,SINGLE,"$5,147.35",18,$0.33,,21:20 min,"Aug 25, 2025",center_points7573,,Public,$0.078675,0,0.0,0.0,,,,
LOSS,HCWB,"1,000","Aug 25, 2025","Aug 25, 2025",11:03:30,11:10:37,,,$5.86,$5.97,-$110.00,-1.88%,$5.97,$5.86,-$119.17,$9,,,$0.00,SHARE,SHORT,SINGLE,"$5,860.00",2,$0.17,,07:07 min,"Aug 25, 2025",center_points7573,,Public,-$0.11,0,0.0,0.0,,,,
WIN,HCWB,"1,000","Aug 25, 2025","Aug 25, 2025",09:46:58,10:47:36,,,$6.19,$5.78,$642.06,9.56%,$6.0775,$6.71956,$632.88,$9.01,,,$0.00,SHARE,SHORT,SINGLE,"$6,719.56",12,$0.17,,01:00:38 hr,"Aug 25, 2025",center_points7573,,Public,$0.64206,0,0.0,0.0,,,,
WIN,STSS,750,"Aug 25, 2025","Aug 25, 2025",07:01:50,10:20:36,,,$13.07,$12.79,$298.42,3.14%,$12.29,$12.68789333,$291.54,$6.76,,,$0.00,SHARE,SHORT,SINGLE,"$9,515.92",17,$0.12,,03:18:46 hr,"Aug 25, 2025",center_points7573,,Public,$0.397893,0,0.0,0.0,,,,
LOSS,OPAD,"2,000","Aug 25, 2025","Aug 25, 2025",10:00:47,10:05:04,,,$2.55,$2.70,-$300.00,-5.88%,$2.70,$2.55,-$318.33,$18,,,$0.00,SHARE,SHORT,SINGLE,"$5,100.00",4,$0.33,,04:17 min,"Aug 25, 2025",center_points7573,,Public,-$0.15,0,0.0,0.0,,,,
WIN,MODV,"10,000","Aug 22, 2025","Aug 25, 2025",17:03:55,07:52:30,,,$0.9701,$0.5595,"$2,350.02",24.70%,$0.71649805,$0.9515,"$2,258.36",$90,,,$0.00,SHARE,SHORT,SINGLE,"$9,515.00",30,$1.66,$20.00,2d,"Aug 25, 2025",center_points7573,,Public,$0.235002,0,0.0,0.0,,,,
LOSS,CAPS,"2,000","Aug 25, 2025","Aug 25, 2025",07:31:47,07:32:22,,,$1.65,$1.83,-$364.16,-11%,$1.837925,$1.655845,-$382.49,$18,,,$0.00,SHARE,SHORT,SINGLE,"$3,311.69",39,$0.33,,35 sec,"Aug 25, 2025",center_points7573,,Public,-$0.18208,0,0.0,0.0,,,,
LOSS,MRM,"1,000","Aug 22, 2025","Aug 22, 2025",16:47:22,16:48:48,,,$2.41,$2.47,-$60.00,-2.49%,$2.47,$2.41,-$69.17,$9,,,$0.00,SHARE,SHORT,SINGLE,"$2,410.00",5,$0.17,,01:26 min,"Aug 22, 2025",center_points7573,,Public,-$0.06,0,0.0,0.0,,,,
WIN,OSRH,"2,000","Aug 22, 2025","Aug 22, 2025",16:15:37,16:24:34,,,$0.9307,$0.8799,$101.42,5.45%,$0.8799875,$0.9307,$83.09,$18,,,$0.00,SHARE,SHORT,SINGLE,"$1,861.40",5,$0.33,$8.00,08:57 min,"Aug 22, 2025",center_points7573,,Public,$0.050713,0,0.0,0.0,,,,
WIN,MODV,"7,500","Aug 22, 2025","Aug 22, 2025",10:44:55,16:13:21,,,$1.11,$0.9638,$856.63,9.39%,$1.1024486,$1.21666667,$787.89,$67.50,,,$0.00,SHARE,SHORT,SINGLE,"$9,125.00",26,$1.25,$4.00,05:28:26 hr,"Aug 22, 2025",center_points7573,,Public,$0.114218,0,0.0,0.0,,,,
WIN,ELAB,"2,000","Aug 22, 2025","Aug 22, 2025",13:50:16,15:40:29,,,$2.63,$2.57,$21.22,0.41%,$2.56939,$2.58,$2.89,$18,,,$0.00,SHARE,SHORT,SINGLE,"$5,160.00",6,$0.33,,01:50:13 hr,"Aug 22, 2025",center_points7573,,Public,$0.01061,0,0.0,0.0,,,,
WIN,SUGP,"5,000","Aug 22, 2025","Aug 22, 2025",12:57:21,13:11:42,,,$0.5463,$0.4739,$344.50,12.61%,$0.4774,$0.5463,$298.67,$45,,,$0.00,SHARE,SHORT,SINGLE,"$2,731.50",3,$0.83,$20.00,14:21 min,"Aug 22, 2025",center_points7573,,Public,$0.0689,0,0.0,0.0,,,,
WIN,ELAB,"1,000","Aug 22, 2025","Aug 22, 2025",10:29:35,11:01:06,,,$3.20,$3.13,$55.00,1.73%,$3.13,$3.185,$45.83,$9,,,$0.00,SHARE,SHORT,SINGLE,"$3,185.00",3,$0.17,,31:31 min,"Aug 22, 2025",center_points7573,,Public,$0.055,0,0.0,0.0,,,,
WIN,EEIQ,"2,000","Aug 22, 2025","Aug 22, 2025",10:28:21,10:41:38,,,$1.47,$1.46,$20.00,0.68%,$1.46,$1.47,$1.67,$18,,,$0.00,SHARE,SHORT,SINGLE,"$2,940.00",2,$0.33,,13:17 min,"Aug 22, 2025",center_points7573,,Public,$0.01,0,0.0,0.0,,,,
WIN,ZNB,"3,000","Aug 22, 2025","Aug 22, 2025",09:09:50,10:23:42,,,$5.29,$2.11,"$5,450.28",41.83%,$2.52682333,$4.34358333,"$5,422.78",$27,,,$0.00,SHARE,SHORT,SINGLE,"$13,030.75",40,$0.50,,01:13:52 hr,"Aug 22, 2025",center_points7573,,Public,$1.82,0,0.0,0.0,,,,
LOSS,ELAB,"2,000","Aug 22, 2025","Aug 22, 2025",09:36:14,10:22:59,,,$2.94,$2.97,-$115.00,-1.85%,$3.1725,$3.115,-$133.34,$18.01,,,$0.00,SHARE,SHORT,SINGLE,"$6,230.00",18,$0.33,,46:45 min,"Aug 22, 2025",center_points7573,,Public,-$0.0575,0,0.0,0.0,,,,
WIN,EEIQ,"4,000","Aug 22, 2025","Aug 22, 2025",09:33:10,10:20:39,,,$1.53,$1.53,$40.00,0.64%,$1.55,$1.56,$3.34,$36,,,$0.00,SHARE,SHORT,SINGLE,"$6,240.00",36,$0.66,,47:29 min,"Aug 22, 2025",center_points7573,,Public,$0.01,0,0.0,0.0,,,,
WIN,MODV,"5,000","Aug 22, 2025","Aug 22, 2025",07:25:31,09:51:37,,,$0.9203,$0.9386,$275.25,5.83%,$0.8895567,$0.9446058,$229.42,$45,,,$0.00,SHARE,SHORT,SINGLE,"$4,723.03",32,$0.83,$20.00,02:26:06 hr,"Aug 22, 2025",center_points7573,,Public,$0.055049,0,0.0,0.0,,,,
WIN,ELAB,"1,000","Aug 22, 2025","Aug 22, 2025",08:37:33,09:33:59,,,$2.76,$2.65,$190.00,6.88%,$2.57,$2.76,$180.83,$9,,,$0.00,SHARE,SHORT,SINGLE,"$2,760.00",9,$0.17,,56:26 min,"Aug 22, 2025",center_points7573,,Public,$0.19,0,0.0,0.0,,,,
LOSS,EEIQ,"2,000","Aug 22, 2025","Aug 22, 2025",08:15:43,08:32:23,,,$1.39,$1.44,-$100.00,-3.60%,$1.44,$1.39,-$118.33,$18,,,$0.00,SHARE,SHORT,SINGLE,"$2,780.00",18,$0.33,,16:40 min,"Aug 22, 2025",center_points7573,,Public,-$0.05,0,0.0,0.0,,,,
WIN,EEIQ,"6,000","Aug 21, 2025","Aug 22, 2025",17:13:19,04:38:21,,,$0.908,$0.9721,$135.58,2.07%,$1.07007,$1.09266667,$80.58,$54,,,$0.00,SHARE,SHORT,SINGLE,"$6,556.00",16,$1.00,$8.00,11:25:02 hr,"Aug 22, 2025",center_points7573,,Public,$0.022597,0,0.0,0.0,,,,
LOSS,HSON,3,"Aug 21, 2025","Aug 21, 2025",18:39:23,18:39:43,,,$9.30,$9.31,-$0.03,-0.11%,$9.31,$9.30,-$0.930498,$0.90,,,$0.00,SHARE,SHORT,SINGLE,$27.90,3,$0.00,,20 sec,"Aug 21, 2025",center_points7573,,Public,-$0.01,0,-0.03,0.0,,,0.00,0.00
OPEN,STRR,"2,000","Aug 21, 2025","Aug 21, 2025",16:31:55,18:37:26,,,$3.11,,$346.00,0,$2.764,$3.04732,$332.17,$13.50,,,$0.00,SHARE,SHORT,SINGLE,"$6,094.64",13,$0.33,,02:05:31 hr,"Aug 21, 2025",center_points7573,1000.0,Public,$0.173,0,0.0,0.0,,,,
WIN,PTIX,"1,500","Aug 21, 2025","Aug 21, 2025",12:40:50,12:57:16,,,$4.66,$4.58,$175.00,2.49%,$4.56333333,$4.68,$161.25,$13.50,,,$0.00,SHARE,SHORT,SINGLE,"$7,020.00",7,$0.25,,16:26 min,"Aug 21, 2025",center_points7573,,Public,$0.116667,0,-105.0,420.0,,,"1,085.00",15.46
WIN,APM,"2,000","Aug 21, 2025","Aug 21, 2025",12:36:07,12:57:10,,,$3.28,$3.30,$170.00,2.59%,$3.195,$3.28,$151.67,$18,,,$0.00,SHARE,SHORT,SINGLE,"$6,560.00",4,$0.33,,21:03 min,"Aug 21, 2025",center_points7573,,Public,$0.085,0,-120.0,480.0,,,740.00,11.28
LOSS,AEMD,"1,000","Aug 21, 2025","Aug 21, 2025",12:39:10,12:40:02,,,$2.31,$2.42,-$110.00,-4.76%,$2.42,$2.31,-$119.17,$9,,,$0.00,SHARE,SHORT,SINGLE,"$2,310.00",2,$0.17,,52 sec,"Aug 21, 2025",center_points7573,,Public,-$0.11,0,-110.0,0.0,,,450.00,19.48
LOSS,RAY,"2,000","Aug 21, 2025","Aug 21, 2025",09:40:01,11:59:09,,,$2.44,$2.53,-$180.00,-3.69%,$2.53,$2.44,-$198.33,$18,,,$0.00,SHARE,SHORT,SINGLE,"$4,880.00",2,$0.33,,02:19:08 hr,"Aug 21, 2025",center_points7573,,Public,-$0.09,0,-280.0,140.0,,,140.00,2.87
WIN,PTIX,"2,000","Aug 21, 2025","Aug 21, 2025",09:49:46,11:35:27,,,$4.87,$4.38,"$2,005.00",18.09%,$4.54,$5.5425,"$1,986.67",$18,,,$0.00,SHARE,SHORT,SINGLE,"$11,085.00",10,$0.33,,01:45:41 hr,"Aug 21, 2025",center_points7573,,Public,$1.00,0,-895.0,2155.0,,,"2,360.00",21.29
LOSS,APM,"2,000","Aug 21, 2025","Aug 21, 2025",11:08:53,11:35:24,,,$3.13,$3.17,-$80.00,-1.28%,$3.17,$3.13,-$98.33,$18,,,$0.00,SHARE,SHORT,SINGLE,"$6,260.00",7,$0.33,,26:31 min,"Aug 21, 2025",center_points7573,,Public,-$0.04,0,-340.0,400.0,,,418.96,6.69
LOSS,APM,"3,000","Aug 21, 2025","Aug 21, 2025",10:13:15,11:03:19,,,$2.82,$3.36,"-$1,680.00",-19.11%,$3.49,$2.93,"-$1,707.50",$27,,,$0.00,SHARE,SHORT,SINGLE,"$8,790.00",11,$0.50,,50:04 min,"Aug 21, 2025",center_points7573,,Public,-$0.56,0,-2429.7,60.0,,,60.00,0.68
WIN,THAR,"3,500","Aug 21, 2025","Aug 21, 2025",04:27:56,11:02:56,,,$5.66,$4.91,"$2,276.19",11.82%,$4.85285714,$5.50319714,"$2,244.11",$31.50,,,$0.00,SHARE,SHORT,SINGLE,"$19,261.19",54,$0.58,,06:35:00 hr,"Aug 21, 2025",center_points7573,,Public,$0.65034,0,-408.81,3006.19,,,"3,006.19",15.61
LOSS,APM,"5,000","Aug 21, 2025","Aug 21, 2025",07:20:35,09:59:49,,,$2.13,$3.12,"-$2,020.00",-16.45%,$2.86,$2.456,"-$2,065.83",$45,,,$0.00,SHARE,SHORT,SINGLE,"$12,280.00",34,$0.83,,02:39:14 hr,"Aug 21, 2025",center_points7573,,Public,-$0.404,0,-2020.0,1022.0,,,"1,022.00",8.32
WIN,GRO,"2,000","Aug 20, 2025","Aug 21, 2025",18:58:20,08:55:36,,,$2.27,$2.01,$440.00,9.69%,$2.05,$2.27,$421.67,$18,,,$0.00,SHARE,SHORT,SINGLE,"$4,540.00",15,$0.33,,13:57:16 hr,"Aug 21, 2025",center_points7573,,Public,$0.22,0,-360.0,560.0,,,560.00,12.33
WIN,AEMD,"3,000","Aug 21, 2025","Aug 21, 2025",05:32:43,08:27:28,,,$2.06,$1.71,$750.00,12.52%,$1.74666667,$1.99666667,$722.50,$27,,,$0.00,SHARE,SHORT,SINGLE,"$5,990.00",14,$0.50,,02:54:45 hr,"Aug 21, 2025",center_points7573,,Public,$0.25,0,-140.0,1320.0,,,"1,320.00",22.04
LOSS,THAR,"18,000","Aug 20, 2025","Aug 20, 2025",10:01:27,13:11:55,,,$1.93,$2.39,"-$2,388.75",-5.73%,$2.44715278,$2.31444444,"-$2,553.74",$162,,,$0.00,SHARE,SHORT,SINGLE,"$41,660.00",118,$2.99,,03:10:28 hr,"Aug 20, 2025",center_points7573,,Public,-$0.132708,0,-5519.3,360.0,,,360.00,0.86
WIN,NBY,"7,000","Aug 20, 2025","Aug 20, 2025",09:36:46,11:16:44,,,$1.22,$1.02,"$1,250.00",14.90%,$1.02,$1.19857143,"$1,185.84",$63,,,$0.00,SHARE,SHORT,SINGLE,"$8,390.00",12,$1.16,$8.00,01:39:58 hr,"Aug 20, 2025",center_points7573,,Public,$0.178571,0,-120.0,1604.2,,,"1,604.20",19.12
WIN,FLNT,"1,000","Aug 19, 2025","Aug 19, 2025",16:11:35,16:47:27,,,$3.27,$2.94,$347.65,10.52%,$2.95786,$3.30551,$338.48,$9,,,$0.00,SHARE,SHORT,SINGLE,"$3,305.51",22,$0.17,,35:52 min,"Aug 19, 2025",center_points7573,,Public,$0.34765,0,0.0,0.0,,,,
WIN,LASE,"5,000","Aug 19, 2025","Aug 19, 2025",07:12:05,13:26:30,,,$4.70,$4.58,"$1,860.00",7.82%,$4.386,$4.758,"$1,814.17",$45,,,$0.00,SHARE,SHORT,SINGLE,"$23,790.00",72,$0.83,,06:14:25 hr,"Aug 19, 2025",center_points7573,,Public,$0.372,0,0.0,0.0,,,,
WIN,BSLK,500,"Aug 19, 2025","Aug 19, 2025",11:41:32,12:29:22,,,$11.33,$9.36,$792.23,13.66%,$10.016,$11.60046,$787.64,$4.51,,,$0.00,SHARE,SHORT,SINGLE,"$5,800.23",9,$0.08,,47:50 min,"Aug 19, 2025",center_points7573,,Public,$1.58,0,0.0,0.0,,,,
WIN,GXAI,"2,000","Aug 19, 2025","Aug 19, 2025",10:28:51,12:20:09,,,$2.37,$1.80,$980.00,20.72%,$1.875,$2.365,$961.67,$18,,,$0.00,SHARE,SHORT,SINGLE,"$4,730.00",8,$0.33,,01:51:18 hr,"Aug 19, 2025",center_points7573,,Public,$0.49,0,0.0,0.0,,,,
WIN,TLPH,"10,000","Aug 19, 2025","Aug 19, 2025",10:39:31,11:18:58,,,$0.6394,$0.5173,"$1,065.28",16.65%,$0.53313544,$0.63966316,$973.62,$90,,,$0.00,SHARE,SHORT,SINGLE,"$6,396.63",27,$1.66,$40.00,39:27 min,"Aug 19, 2025",center_points7573,,Public,$0.106528,0,0.0,0.0,,,,
WIN,PRFX,"2,000","Aug 19, 2025","Aug 19, 2025",10:15:21,10:32:15,,,$2.65,$2.65,$159.59,3%,$2.575,$2.654795,$141.26,$18,,,$0.00,SHARE,SHORT,SINGLE,"$5,309.59",18,$0.33,,16:54 min,"Aug 19, 2025",center_points7573,,Public,$0.079795,0,0.0,0.0,,,,
WIN,BINI,"10,000","Aug 19, 2025","Aug 19, 2025",09:58:30,10:28:41,,,$0.7035,$0.6023,$872.00,12.40%,$0.6163,$0.7035,$780.34,$90,,,$0.00,SHARE,SHORT,SINGLE,"$7,035.00",19,$1.66,$40.00,30:11 min,"Aug 19, 2025",center_points7573,,Public,$0.0872,0,0.0,0.0,,,,
WIN,PRFX,"7,500","Aug 19, 2025","Aug 19, 2025",08:30:39,09:53:34,,,$2.88,$3.04,$411.78,1.88%,$2.858328,$2.913232,$343.03,$67.50,,,$0.00,SHARE,SHORT,SINGLE,"$21,849.24",73,$1.25,,01:22:55 hr,"Aug 19, 2025",center_points7573,,Public,$0.054904,0,0.0,0.0,,,,
LOSS,LASE,"2,000","Aug 18, 2025","Aug 19, 2025",17:58:37,06:18:36,,,$4.08,$4.23,-$378.62,-4.69%,$4.23,$4.04069,-$396.95,$18,,,$0.00,SHARE,SHORT,SINGLE,"$8,081.38",42,$0.33,,12:19:59 hr,"Aug 19, 2025",center_points7573,,Public,-$0.18931,0,0.0,0.0,,,,
WIN,LASE,"1,000","Aug 18, 2025","Aug 18, 2025",16:29:34,16:42:50,,,$3.79,$3.67,$119.50,3.15%,$3.6705,$3.79,$110.33,$9,,,$0.00,SHARE,SHORT,SINGLE,"$3,790.00",11,$0.17,,13:16 min,"Aug 18, 2025",center_points7573,,Private,$0.1195,0,-50.0,180.0,,,180.00,4.75
WIN,SNGX,"2,000","Aug 18, 2025","Aug 18, 2025",11:05:04,14:45:42,,,$5.88,$5.42,$674.00,5.98%,$5.2955,$5.6325,$655.67,$18,,,$0.00,SHARE,SHORT,SINGLE,"$11,265.00",18,$0.33,,03:40:38 hr,"Aug 18, 2025",center_points7573,,Private,$0.337,0,-349.9,1199.0,,,"1,974.00",17.52
WIN,ONMD,"5,000","Aug 18, 2025","Aug 18, 2025",13:52:25,14:05:41,,,$0.8798,$0.8055,$348.23,7.82%,$0.82050384,$0.89015,$302.40,$45,,,$0.00,SHARE,SHORT,SINGLE,"$4,450.75",14,$0.83,$20.00,13:16 min,"Aug 18, 2025",center_points7573,,Private,$0.069646,0,-249.25,394.85,,,394.85,8.87
WIN,ASBP,"30,000","Aug 18, 2025","Aug 18, 2025",09:59:27,13:24:58,,,$0.847,$0.539,"$3,107.87",13.16%,$0.68368127,$0.78727694,"$2,832.89",$270,,,$0.00,SHARE,SHORT,SINGLE,"$23,618.31",93,$4.98,$120.00,03:25:31 hr,"Aug 18, 2025",center_points7573,,Private,$0.103596,0,-0.0,3182.51,,,"3,182.51",13.47
WIN,MB,500,"Aug 18, 2025","Aug 18, 2025",12:23:16,12:47:43,,,$7.90,$6.95,$487.62,12.09%,$7.09,$8.06524,$483.03,$4.51,,,$0.00,SHARE,SHORT,SINGLE,"$4,032.62",17,$0.08,,24:27 min,"Aug 18, 2025",center_points7573,,Private,$0.97524,0,-27.38,545.12,,,627.62,15.56
WIN,WGRX,"2,000","Aug 18, 2025","Aug 18, 2025",10:45:00,11:09:13,,,$0.9674,$0.8661,$205.25,10.61%,$0.8647764,$0.9674,$186.92,$18,,,$0.00,SHARE,SHORT,SINGLE,"$1,934.80",8,$0.33,$8.00,24:13 min,"Aug 18, 2025",center_points7573,,Private,$0.102624,0,-205.2,248.647,,,333.85,17.25
WIN,PPCB,195,"Aug 18, 2025","Aug 18, 2025",09:47:08,09:54:23,,,$9.11,$8.43,$163.55,9.20%,$8.27615385,$9.11487179,$161.72,$1.80,,,$0.00,SHARE,SHORT,SINGLE,"$1,777.40",6,$0.03,,07:15 min,"Aug 18, 2025",center_points7573,,Private,$0.838718,0,-18.55,248.6,,,517.90,29.14
LOSS,ASBP,"40,000","Aug 18, 2025","Aug 18, 2025",08:33:51,09:54:12,,,$0.5569,$0.6845,-$903.14,-3.37%,$0.69230485,$0.66972637,"-$1,269.78",$360,,,$0.00,SHARE,SHORT,SINGLE,"$26,789.05",109,$6.64,$160.00,01:20:21 hr,"Aug 18, 2025",center_points7573,,Private,-$0.022578,0,-2273.24,1282.16,,,"1,282.16",4.79
WIN,PPCB,195,"Aug 18, 2025","Aug 18, 2025",04:08:56,05:12:08,,,$11.29,$10.58,$135.43,6.15%,$10.59979487,$11.29430769,$133.64,$1.76,,,$0.00,SHARE,SHORT,SINGLE,"$2,202.39",7,$0.03,,01:03:12 hr,"Aug 18, 2025",center_points7573,,Private,$0.694513,0,-445.71,620.94,,,620.94,28.19
WIN,EM,"1,000","Aug 15, 2025","Aug 15, 2025",16:48:35,16:49:12,,,$1.71,$1.67,$40.00,2.34%,$1.67,$1.71,$30.83,$9,,,$0.00,SHARE,SHORT,SINGLE,"$1,710.00",7,$0.17,$2.00,37 sec,"Aug 15, 2025",center_points7573,,Public,$0.04,0,-0.0,40.0,,,130.00,7.60
WIN,TNXP,150,"Aug 15, 2025","Aug 15, 2025",16:20:26,16:36:33,,,$66.22,$63.25,$670.00,6.75%,$61.74,$66.20666667,$667.73,$2.25,,,$0.00,SHARE,SHORT,SINGLE,"$9,931.00",5,$0.02,,16:07 min,"Aug 15, 2025",center_points7573,,Public,$4.47,0,-225.5,1251.0,,,"1,292.99",13.02
WIN,CUPR,"2,000","Aug 15, 2025","Aug 15, 2025",16:08:23,16:16:42,,,$1.62,$1.49,$260.00,8.02%,$1.49,$1.62,$241.67,$18,,,$0.00,SHARE,SHORT,SINGLE,"$3,240.00",8,$0.33,$4.00,08:19 min,"Aug 15, 2025",center_points7573,,Public,$0.13,0,-260.0,420.0,,,440.00,13.58
WIN,PMNT,"20,000","Aug 15, 2025","Aug 15, 2025",09:32:47,14:21:39,,,$0.682,$0.5124,"$2,980.41",21.65%,$0.539405,$0.68842553,"$2,797.09",$180,,,$0.00,SHARE,SHORT,SINGLE,"$13,768.51",25,$3.32,$80.00,04:48:52 hr,"Aug 15, 2025",center_points7573,,Public,$0.149021,0,-403.968,3320.76,,,"3,320.76",24.12
LOSS,MTNB,"2,000","Aug 15, 2025","Aug 15, 2025",14:17:32,14:20:56,,,$2.89,$3.07,-$340.00,-5.86%,$3.07,$2.90,-$358.33,$18,,,$0.00,SHARE,SHORT,SINGLE,"$5,800.00",17,$0.33,,03:24 min,"Aug 15, 2025",center_points7573,,Public,-$0.17,0,-340.0,4.54747e-13,,,"1,440.00",24.83
LOSS,QMMM,"2,000","Aug 15, 2025","Aug 15, 2025",13:43:56,13:59:40,,,$2.73,$2.76,-$60.00,-1.10%,$2.76,$2.73,-$78.33,$18,,,$0.00,SHARE,SHORT,SINGLE,"$5,460.00",2,$0.33,,15:44 min,"Aug 15, 2025",center_points7573,,Public,-$0.03,0,-60.0,0.0,,,0.00,0.00
WIN,BSLK,250,"Aug 15, 2025","Aug 15, 2025",12:48:03,13:14:04,,,$11.81,$10.75,$265.00,8.98%,$10.75,$11.81,$262.70,$2.26,,,$0.00,SHARE,SHORT,SINGLE,"$2,952.50",2,$0.04,,26:01 min,"Aug 15, 2025",center_points7573,,Public,$1.06,0,-67.5,292.5,,,827.50,28.03
WIN,BSLK,500,"Aug 15, 2025","Aug 15, 2025",10:26:52,12:34:28,,,$12.51,$11.64,$715.50,11.20%,$11.347,$12.778,$710.68,$4.74,,,$0.00,SHARE,SHORT,SINGLE,"$6,389.00",10,$0.08,,02:07:36 hr,"Aug 15, 2025",center_points7573,,Public,$1.43,0,-450.0,1082.97,,,"1,500.50",23.49
WIN,SRXH,"15,000","Aug 15, 2025","Aug 15, 2025",10:47:31,11:05:33,,,$0.5779,$0.5167,$464.38,5.56%,$0.52540211,$0.55636079,$326.89,$135,,,$0.00,SHARE,SHORT,SINGLE,"$8,345.41",22,$2.49,$60.00,18:02 min,"Aug 15, 2025",center_points7573,,Public,$0.030959,0,-32.2262,613.88,,,627.75,7.52
LOSS,SRXH,"17,000","Aug 15, 2025","Aug 15, 2025",09:46:13,10:34:38,,,$0.5001,$0.6185,-$417.58,-3.95%,$0.64613176,$0.62156824,-$573.40,$153,,,$0.00,SHARE,SHORT,SINGLE,"$10,566.66",41,$2.82,$68.00,48:25 min,"Aug 15, 2025",center_points7573,,Public,-$0.024564,0,-1162.43,0.0,,,198.67,1.88
WIN,TIVC,"1,000","Aug 15, 2025","Aug 15, 2025",09:39:12,10:17:24,,,$4.92,$4.10,$725.00,14.74%,$4.195,$4.92,$715.83,$9,,,$0.00,SHARE,SHORT,SINGLE,"$4,920.00",5,$0.17,,38:12 min,"Aug 15, 2025",center_points7573,,Public,$0.725,0,-120.0,874.95,,,"1,190.00",24.19
WIN,PPSI,"1,000","Aug 15, 2025","Aug 15, 2025",09:34:55,10:17:12,,,$5.16,$4.70,$185.50,3.59%,$4.98,$5.1655,$176.32,$9.01,,,$0.00,SHARE,SHORT,SINGLE,"$5,165.50",17,$0.17,,42:17 min,"Aug 15, 2025",center_points7573,,Public,$0.1855,0,-534.4,385.5,,,385.50,7.46
LOSS,PMNT,"10,000","Aug 15, 2025","Aug 15, 2025",09:31:44,09:32:19,,,$0.6355,$0.6768,-$384.57,-6.05%,$0.67398705,$0.63553,-$476.23,$90,,,$0.00,SHARE,SHORT,SINGLE,"$6,355.30",10,$1.66,$40.00,35 sec,"Aug 15, 2025",center_points7573,,Public,-$0.038457,0,-625.7,0.3,,,0.30,0.00
WIN,PMNT,"5,000","Aug 15, 2025","Aug 15, 2025",09:12:02,09:17:30,,,$0.7115,$0.6927,$96.60,2.71%,$0.69248604,$0.71180512,$50.77,$45,,,$0.00,SHARE,SHORT,SINGLE,"$3,559.03",20,$0.83,$20.00,05:28 min,"Aug 15, 2025",center_points7573,,Public,$0.019319,0,-0.0011,137.526,,,663.11,18.63
WIN,TIVC,"1,000","Aug 15, 2025","Aug 15, 2025",08:31:57,08:38:56,,,$4.69,$3.77,$986.36,20.53%,$3.81854,$4.8049,$977.19,$9,,,$0.00,SHARE,SHORT,SINGLE,"$4,804.90",16,$0.17,,06:59 min,"Aug 15, 2025",center_points7573,,Public,$0.98636,0,-150.1,1034.9,,,"1,054.90",21.95
WIN,PMNT,"10,000","Aug 15, 2025","Aug 15, 2025",08:22:08,08:38:49,,,$0.71,$0.6977,$183.17,2.56%,$0.69784875,$0.71616557,$91.51,$90,,,$0.00,SHARE,SHORT,SINGLE,"$7,161.66",37,$1.66,$40.00,16:41 min,"Aug 15, 2025",center_points7573,,Public,$0.018317,0,-188.344,461.656,,,461.66,6.45
WIN,PMNT,"10,000","Aug 15, 2025","Aug 15, 2025",07:04:06,07:53:36,,,$0.6266,$0.6325,$181.61,2.89%,$0.61083744,$0.62899803,$89.95,$90,,,$0.00,SHARE,SHORT,SINGLE,"$6,289.98",37,$1.66,$40.00,49:30 min,"Aug 15, 2025",center_points7573,,Public,$0.018161,0,-347.02,435.28,,,509.58,8.10
WIN,PMNT,"23,000","Aug 15, 2025","Aug 15, 2025",04:03:27,06:47:12,,,$0.8148,$0.5458,"$3,267.23",19.37%,$0.5914014,$0.73345504,"$3,056.41",$207,,,$0.00,SHARE,SHORT,SINGLE,"$16,869.47",47,$3.82,$92.00,02:43:45 hr,"Aug 15, 2025",center_points7573,,Public,$0.142053,0,-9.09495e-13,3583.44,,,"3,583.44",21.24
WIN,DFLI,"20,000","Aug 15, 2025","Aug 15, 2025",04:13:55,06:40:24,,,$0.4561,$0.4034,"$1,232.02",13.24%,$0.40368129,$0.46528208,"$1,048.70",$180,,,$0.00,SHARE,SHORT,SINGLE,"$9,305.64",55,$3.32,$80.00,02:26:29 hr,"Aug 15, 2025",center_points7573,,Public,$0.061601,0,-302.918,1318.77,,,"1,318.77",14.17
WIN,ORIS,"10,000","Aug 15, 2025","Aug 15, 2025",04:13:39,05:57:05,,,$0.1513,$0.1474,$37.48,2.48%,$0.1475521,$0.1513,-$54.18,$90,,,$0.00,SHARE,SHORT,SINGLE,"$1,513.00",7,$1.66,$40.00,01:43:26 hr,"Aug 15, 2025",center_points7573,,Public,$0.003748,0,-193.0,150.0,,,150.00,9.91
LOSS,PPSI,"1,500","Aug 15, 2025","Aug 15, 2025",04:41:23,05:26:37,,,$4.53,$4.78,-$150.00,-2.15%,$4.76,$4.66,-$164.88,$14.63,,,$0.00,SHARE,SHORT,SINGLE,"$6,990.00",28,$0.25,,45:14 min,"Aug 15, 2025",center_points7573,,Public,-$0.10,0,-780.0,60.0,,,60.00,0.86
WIN,DFLI,"10,000","Aug 15, 2025","Aug 15, 2025",04:03:19,04:04:16,,,$0.4511,$0.45,$21.77,0.48%,$0.45,$0.45217718,-$69.89,$90,,,$0.00,SHARE,SHORT,SINGLE,"$4,521.77",19,$1.66,$40.00,57 sec,"Aug 15, 2025",center_points7573,,Public,$0.002177,0,-2.2282,21.7718,,,"1,861.77",41.17
WIN,ONMD,"2,000","Aug 14, 2025","Aug 14, 2025",13:08:12,13:27:03,,,$0.9716,$0.967,$175.35,9.02%,$0.883925,$0.9716,$157.02,$18,,,$0.00,SHARE,SHORT,SINGLE,"$1,943.20",4,$0.33,$7.00,18:51 min,"Aug 14, 2025",center_points7573,,Public,$0.087675,0,-0.0,286.9,,,325.85,16.77
WIN,ADD,"40,000","Aug 14, 2025","Aug 14, 2025",09:40:08,13:00:03,,,$0.1405,$0.1495,$101.01,1.66%,$0.14972604,$0.15225128,-$265.63,$360,,,$0.00,SHARE,SHORT,SINGLE,"$6,090.05",30,$6.64,$160.00,03:19:55 hr,"Aug 14, 2025",center_points7573,,Public,$0.002525,0,-693.949,378.051,,,378.05,6.21
WIN,XPON,"11,000","Aug 14, 2025","Aug 14, 2025",09:43:18,12:18:59,,,$3.98,$4.06,"$1,033.32",2.24%,$4.09617545,$4.19011364,$932.49,$99,,,$0.00,SHARE,SHORT,SINGLE,"$46,091.25",75,$1.83,,02:35:41 hr,"Aug 14, 2025",center_points7573,,Public,$0.093938,0,-2396.68,1513.32,,,"2,780.28",6.03
WIN,AERT,"4,000","Aug 14, 2025","Aug 14, 2025",11:51:06,12:13:34,,,$1.33,$1.09,$380.00,7.02%,$1.2575,$1.3525,$343.34,$36,,,$0.00,SHARE,SHORT,SINGLE,"$5,410.00",20,$0.66,,22:28 min,"Aug 14, 2025",center_points7573,,Public,$0.095,0,-380.0,450.0,,,520.00,9.61
WIN,ONMD,"12,500","Aug 14, 2025","Aug 14, 2025",11:10:25,11:57:49,,,$0.8253,$0.73,$864.02,8.04%,$0.79044914,$0.85957061,$749.44,$112.50,,,$0.00,SHARE,SHORT,SINGLE,"$10,744.63",24,$2.08,$50.00,47:24 min,"Aug 14, 2025",center_points7573,,Public,$0.069121,0,-2879.12,1004.38,,,"1,024.02",9.53
WIN,TRIB,"3,000","Aug 14, 2025","Aug 14, 2025",10:40:27,11:54:40,,,$2.68,$2.49,$851.84,10.32%,$2.46666667,$2.75061333,$824.34,$27,,,$0.00,SHARE,SHORT,SINGLE,"$8,251.84",25,$0.50,,01:14:13 hr,"Aug 14, 2025",center_points7573,,Public,$0.283947,0,-878.16,1191.84,,,"1,191.84",14.44
WIN,TPIC,"10,000","Aug 14, 2025","Aug 14, 2025",11:38:01,11:45:17,,,$0.3403,$0.3129,$274.00,8.05%,$0.3129,$0.3403,$182.34,$90,,,$0.00,SHARE,SHORT,SINGLE,"$3,403.00",2,$1.66,$40.00,07:16 min,"Aug 14, 2025",center_points7573,,Public,$0.0274,0,-197.0,501.0,,,"1,183.00",34.76
WIN,TRIB,"5,000","Aug 14, 2025","Aug 14, 2025",09:11:31,09:57:20,,,$1.80,$1.72,$700.00,7.16%,$1.816,$1.956,$649.67,$49.50,,,$0.00,SHARE,SHORT,SINGLE,"$9,780.00",21,$0.83,,45:49 min,"Aug 14, 2025",center_points7573,,Public,$0.14,0,-2420.0,880.0,,,880.00,9.00
LOSS,XPON,"2,000","Aug 14, 2025","Aug 14, 2025",09:38:10,09:42:15,,,$3.51,$3.62,-$230.00,-3.28%,$3.625,$3.51,-$248.33,$18,,,$0.00,SHARE,SHORT,SINGLE,"$7,020.00",10,$0.33,,04:05 min,"Aug 14, 2025",center_points7573,,Public,-$0.115,0,-400.0,180.0,,,180.00,2.56
LOSS,XPON,"2,000","Aug 14, 2025","Aug 14, 2025",08:47:06,08:56:56,,,$3.77,$3.91,-$40.00,-0.53%,$3.79,$3.77,-$58.33,$18,,,$0.00,SHARE,SHORT,SINGLE,"$7,540.00",16,$0.33,,09:50 min,"Aug 14, 2025",center_points7573,,Public,-$0.02,0,-40.0,340.0,,,340.00,4.51
WIN,XPON,"3,000","Aug 14, 2025","Aug 14, 2025",08:25:54,08:34:07,,,$3.83,$3.81,$69.11,0.60%,$3.81696333,$3.84,$41.61,$27,,,$0.00,SHARE,SHORT,SINGLE,"$11,520.00",28,$0.50,,08:13 min,"Aug 14, 2025",center_points7573,,Public,$0.023037,0,-100.0,510.0,,,897.11,7.79
WIN,SNOA,"2,000","Aug 14, 2025","Aug 14, 2025",07:11:45,07:27:10,,,$7.17,$6.81,$531.00,3.75%,$6.8195,$7.085,$512.67,$18,,,$0.00,SHARE,SHORT,SINGLE,"$14,170.00",22,$0.33,,15:25 min,"Aug 14, 2025",center_points7573,,Public,$0.2655,0,-30.0,1210.0,,,"1,210.00",8.54
LOSS,XPON,"3,000","Aug 14, 2025","Aug 14, 2025",07:17:24,07:22:29,,,$3.14,$3.11,-$59.40,-0.64%,$3.11,$3.0902,-$86.90,$27,,,$0.00,SHARE,SHORT,SINGLE,"$9,270.60",22,$0.50,,05:05 min,"Aug 14, 2025",center_points7573,,Public,-$0.0198,0,-209.4,330.6,,,488.60,5.27
LOSS,SNOA,"2,000","Aug 14, 2025","Aug 14, 2025",07:04:03,07:11:06,,,$6.86,$6.95,-$203.43,-1.48%,$6.959235,$6.85752,-$221.76,$18,,,$0.00,SHARE,SHORT,SINGLE,"$13,715.04",40,$0.33,,07:03 min,"Aug 14, 2025",center_points7573,,Public,-$0.101715,0,-244.96,715.04,,,715.04,5.21
WIN,SNOA,"2,000","Aug 14, 2025","Aug 14, 2025",06:59:45,07:01:13,,,$7.76,$6.71,"$2,145.61",13.79%,$6.70577,$7.778575,"$2,127.28",$18,,,$0.00,SHARE,SHORT,SINGLE,"$15,557.15",56,$0.33,,01:28 min,"Aug 14, 2025",center_points7573,,Public,$1.07,0,-82.85,2757.15,,,"2,757.15",17.72
WIN,AERT,"3,000","Aug 14, 2025","Aug 14, 2025",06:45:38,06:57:02,,,$1.20,$0.9436,$624.55,17.35%,$0.99181667,$1.20,$597.05,$27,,,$0.00,SHARE,SHORT,SINGLE,"$3,600.00",11,$0.50,$3.00,11:24 min,"Aug 14, 2025",center_points7573,,Public,$0.208183,0,-60.0,645.0,,,792.05,22.00
LOSS,SNOA,"8,000","Aug 14, 2025","Aug 14, 2025",06:05:56,06:55:52,,,$5.42,$7.48,"-$5,070.96",-10.47%,$6.6906325,$6.0567625,"-$5,144.29",$72,,,$0.00,SHARE,SHORT,SINGLE,"$48,454.10",167,$1.33,,49:56 min,"Aug 14, 2025",center_points7573,,Public,-$0.63387,0,-5070.96,330.0,,,330.00,0.68
WIN,XPON,"3,000","Aug 14, 2025","Aug 14, 2025",04:45:26,05:05:33,,,$3.32,$2.95,$980.15,9.88%,$2.97995,$3.30666667,$952.65,$27,,,$0.00,SHARE,SHORT,SINGLE,"$9,920.00",17,$0.50,,20:07 min,"Aug 14, 2025",center_points7573,,Public,$0.326717,0,-20.0,1090.0,,,"1,090.00",10.99
WIN,ATNF,500,"Aug 13, 2025","Aug 13, 2025",16:26:43,16:27:34,,,$9.13,$9.10,$167.00,3.65%,$8.824,$9.158,$162.41,$4.51,,,$0.00,SHARE,SHORT,SINGLE,"$4,579.00",7,$0.08,,51 sec,"Aug 13, 2025",center_points7573,,Public,$0.334,0,-81.0,719.0,,,719.00,15.70
LOSS,QMMM,"2,000","Aug 13, 2025","Aug 13, 2025",09:45:51,15:38:17,,,$2.59,$2.62,-$97.99,-1.91%,$2.62,$2.571005,-$116.32,$18,,,$0.00,SHARE,SHORT,SINGLE,"$5,142.01",7,$0.33,,05:52:26 hr,"Aug 13, 2025",center_points7573,,Public,-$0.048995,0,-97.99,102.01,,,102.01,1.98
WIN,BSLK,750,"Aug 13, 2025","Aug 13, 2025",13:12:41,13:40:57,,,$12.50,$13.45,$998.18,9.81%,$12.23242667,$13.56333333,$991.28,$6.78,,,$0.00,SHARE,SHORT,SINGLE,"$10,172.50",12,$0.12,,28:16 min,"Aug 13, 2025",center_points7573,,Public,$1.33,0,-1029.95,1865.08,,,"1,865.08",18.33
WIN,BSLK,"3,000","Aug 13, 2025","Aug 13, 2025",11:28:54,12:19:59,,,$8.33,$7.14,"$1,618.02",6.67%,$7.54538,$8.08472,"$1,590.51",$27.01,,,$0.00,SHARE,SHORT,SINGLE,"$24,254.16",19,$0.50,,51:05 min,"Aug 13, 2025",center_points7573,,Public,$0.53934,0,-685.84,2174.16,,,"2,174.16",8.96
WIN,MNTS,"12,000","Aug 13, 2025","Aug 13, 2025",09:13:15,11:18:34,,,$1.89,$1.60,"$1,380.00",6.09%,$1.7725,$1.8875,"$1,270.01",$108,,,$0.00,SHARE,SHORT,SINGLE,"$22,650.00",48,$1.99,,02:05:19 hr,"Aug 13, 2025",center_points7573,,Public,$0.115,0,-1110.0,1730.0,,,"1,730.00",7.64
LOSS,BSLK,"4,500","Aug 13, 2025","Aug 13, 2025",10:33:44,11:17:47,,,$5.09,$5.85,"-$1,470.42",-6.31%,$5.50453778,$5.17777778,"-$1,511.67",$40.50,,,$0.00,SHARE,SHORT,SINGLE,"$23,300.00",27,$0.75,,44:03 min,"Aug 13, 2025",center_points7573,,Public,-$0.32676,0,-1470.42,850.0,,,850.00,3.65
WIN,BSLK,"2,000","Aug 13, 2025","Aug 13, 2025",10:05:22,10:23:18,,,$4.08,$4.28,$195.00,2.35%,$4.0525,$4.15,$176.67,$18,,,$0.00,SHARE,SHORT,SINGLE,"$8,300.00",6,$0.33,,17:56 min,"Aug 13, 2025",center_points7573,,Public,$0.0975,0,-300.0,560.0,,,560.00,6.75
WIN,XFOR,"2,000","Aug 13, 2025","Aug 13, 2025",09:40:17,10:21:29,,,$3.29,$3.13,$322.50,5.03%,$3.045,$3.20625,$304.17,$18,,,$0.00,SHARE,SHORT,SINGLE,"$6,412.50",9,$0.33,,41:12 min,"Aug 13, 2025",center_points7573,,Public,$0.16125,0,-0.0,622.5,,,812.50,12.67
LOSS,ATNF,500,"Aug 13, 2025","Aug 13, 2025",09:53:16,10:14:02,,,$16.015,$16.72,-$162.50,-2.03%,$16.30,$15.975,-$167.08,$4.50,,,$0.00,SHARE,SHORT,SINGLE,"$7,987.50",8,$0.08,,20:46 min,"Aug 13, 2025",center_points7573,,Public,-$0.325,0,-246.5,287.5,,,782.50,9.80
WIN,CRE,"2,124","Aug 13, 2025","Aug 13, 2025",09:11:04,09:30:29,,,$2.31,$1.88,$999.68,20.31%,$1.84704331,$2.31770245,$980.21,$19.12,,,$0.00,SHARE,SHORT,SINGLE,"$4,922.80",13,$0.35,,19:25 min,"Aug 13, 2025",center_points7573,,Public,$0.470659,0,-320.0,1269.52,,,"1,269.52",25.79
WIN,BSLK,"3,500","Aug 13, 2025","Aug 13, 2025",07:01:35,08:32:37,,,$4.06,$3.84,$151.16,1.08%,$3.94942857,$3.99261714,$119.08,$31.50,,,$0.00,SHARE,SHORT,SINGLE,"$13,974.16",44,$0.58,,01:31:02 hr,"Aug 13, 2025",center_points7573,,Public,$0.043189,0,-710.84,2266.91,,,"2,266.91",16.22
WIN,XFOR,"5,000","Aug 13, 2025","Aug 13, 2025",07:37:17,08:29:57,,,$2.75,$3.05,$470.00,2.97%,$3.072,$3.166,$424.17,$45,,,$0.00,SHARE,SHORT,SINGLE,"$15,830.00",80,$0.83,,52:40 min,"Aug 13, 2025",center_points7573,,Public,$0.094,0,-2590.0,3690.0,,,"3,690.00",23.31
WIN,XFOR,"1,000","Aug 13, 2025","Aug 13, 2025",07:30:16,07:32:11,,,$2.97,$2.44,$427.37,14.39%,$2.54263,$2.97,$418.20,$9,,,$0.00,SHARE,SHORT,SINGLE,"$2,970.00",5,$0.17,,01:55 min,"Aug 13, 2025",center_points7573,,Public,$0.42737,0,-0.0,670.0,,,670.00,22.56
WIN,ATNF,500,"Aug 13, 2025","Aug 13, 2025",06:18:43,07:23:07,,,$15.84,$15.27,$278.88,3.52%,$15.27264,$15.8304,$274.30,$4.50,,,$0.00,SHARE,SHORT,SINGLE,"$7,915.20",10,$0.08,,01:04:24 hr,"Aug 13, 2025",center_points7573,,Public,$0.55776,0,-69.8,665.2,,,"1,033.88",13.06
